SubjectID,N1,N2,N3,N4,N5,N6,N7,N8,N9,N10,N11,N12,N13,N14,N15,N16,N17,N18,N19,N20,N21,N22,N23,N24,N25,N26,N27,N28,N29,N30,N31,N32,N33,N34,N35,N36,N37,N38,N39,N40,N41,N42,N43,N44,N45,N46,N47,N48,N49,N50,N51,N52,N53,N54,N55,N56,N57,N58,N59,N60,N61,N62,N63
1,0.8,0.5,0.6,0.7,0.9,0.4,0.5,0.6,0.7,0.2,0.3,0.4,0.5,0.6,0.7,0.8,0.9,0.1,0.2,0.3,0.4,0.5,0.6,0.7,0.8,0.9,0.2,0.3,0.4,0.5,0.6,0.7,0.2,0.3,0.4,0.5,0.6,0.7,0.8,0.9,0.1,0.2,0.3,0.4,0.5,0.6,0.7,0.8,0.9,0.1,0.2,0.3,0.4,0.5,0.6,0.7,0.8,0.9,0.1,0.2,0.3,0.4,0.5
2,0.6,0.4,0.5,0.6,0.7,0.3,0.4,0.5,0.6,0.3,0.4,0.5,0.6,0.7,0.3,0.4,0.5,0.6,0.7,0.3,0.4,0.5,0.6,0.7,0.3,0.4,0.5,0.6,0.7,0.3,0.4,0.5,0.6,0.7,0.3,0.4,0.5,0.6,0.7,0.3,0.4,0.5,0.6,0.7,0.3,0.4,0.5,0.6,0.7,0.3,0.4,0.5,0.6,0.7,0.3,0.4,0.5,0.6,0.7,0.3,0.4,0.5,0.6
3,0.7,0.5,0.6,0.7,0.8,0.3,0.4,0.5,0.6,0.2,0.3,0.4,0.5,0.7,0.6,0.5,0.4,0.3,0.2,0.1,0.9,0.8,0.7,0.6,0.5,0.4,0.3,0.2,0.1,0.9,0.8,0.7,0.6,0.5,0.4,0.3,0.2,0.1,0.9,0.8,0.7,0.6,0.5,0.4,0.3,0.2,0.1,0.9,0.8,0.7,0.6,0.5,0.4,0.3,0.2,0.1,0.9,0.8,0.7,0.6,0.5,0.4,0.3
4,0.5,0.6,0.7,0.8,0.9,0.1,0.2,0.3,0.4,0.5,0.6,0.7,0.8,0.9,0.1,0.2,0.3,0.4,0.5,0.6,0.7,0.8,0.9,0.1,0.2,0.3,0.4,0.5,0.6,0.7,0.8,0.9,0.1,0.2,0.3,0.4,0.5,0.6,0.7,0.8,0.9,0.1,0.2,0.3,0.4,0.5,0.6,0.7,0.8,0.9,0.1,0.2,0.3,0.4,0.5,0.6,0.7,0.8,0.9,0.1,0.2,0.3,0.4
5,0.9,0.7,0.6,0.5,0.4,0.3,0.2,0.1,0.9,0.8,0.7,0.6,0.5,0.4,0.3,0.2,0.1,0.9,0.8,0.7,0.6,0.5,0.4,0.3,0.2,0.1,0.9,0.8,0.7,0.6,0.5,0.4,0.3,0.2,0.1,0.9,0.8,0.7,0.6,0.5,0.4,0.3,0.2,0.1,0.9,0.8,0.7,0.6,0.5,0.4,0.3,0.2,0.1,0.9,0.8,0.7,0.6,0.5,0.4,0.3,0.2,0.1,0.9
6,0.4,0.3,0.2,0.1,0.9,0.8,0.7,0.6,0.5,0.4,0.3,0.2,0.1,0.9,0.8,0.7,0.6,0.5,0.4,0.3,0.2,0.1,0.9,0.8,0.7,0.6,0.5,0.4,0.3,0.2,0.1,0.9,0.8,0.7,0.6,0.5,0.4,0.3,0.2,0.1,0.9,0.8,0.7,0.6,0.5,0.4,0.3,0.2,0.1,0.9,0.8,0.7,0.6,0.5,0.4,0.3,0.2,0.1,0.9,0.8,0.7,0.6,0.5
7,0.5,0.5,0.5,0.5,0.5,0.5,0.5,0.5,0.5,0.5,0.5,0.5,0.5,0.5,0.5,0.5,0.5,0.5,0.5,0.5,0.5,0.5,0.5,0.5,0.5,0.5,0.5,0.5,0.5,0.5,0.5,0.5,0.5,0.5,0.5,0.5,0.5,0.5,0.5,0.5,0.5,0.5,0.5,0.5,0.5,0.5,0.5,0.5,0.5,0.5,0.5,0.5,0.5,0.5,0.5,0.5,0.5,0.5,0.5,0.5,0.5,0.5,0.5
8,0.7,0.6,0.5,0.4,0.3,0.2,0.1,0.9,0.8,0.7,0.6,0.5,0.4,0.3,0.2,0.1,0.9,0.8,0.7,0.6,0.5,0.4,0.3,0.2,0.1,0.9,0.8,0.7,0.6,0.5,0.4,0.3,0.2,0.1,0.9,0.8,0.7,0.6,0.5,0.4,0.3,0.2,0.1,0.9,0.8,0.7,0.6,0.5,0.4,0.3,0.2,0.1,0.9,0.8,0.7,0.6,0.5,0.4,0.3,0.2,0.1,0.9,0.8
9,0.3,0.4,0.5,0.6,0.7,0.8,0.9,0.1,0.2,0.3,0.4,0.5,0.6,0.7,0.8,0.9,0.1,0.2,0.3,0.4,0.5,0.6,0.7,0.8,0.9,0.1,0.2,0.3,0.4,0.5,0.6,0.7,0.8,0.9,0.1,0.2,0.3,0.4,0.5,0.6,0.7,0.8,0.9,0.1,0.2,0.3,0.4,0.5,0.6,0.7,0.8,0.9,0.1,0.2,0.3,0.4,0.5,0.6,0.7,0.8,0.9,0.1,0.2
10,0.8,0.7,0.6,0.5,0.4,0.3,0.2,0.1,0.9,0.8,0.7,0.6,0.5,0.4,0.3,0.2,0.1,0.9,0.8,0.7,0.6,0.5,0.4,0.3,0.2,0.1,0.9,0.8,0.7,0.6,0.5,0.4,0.3,0.2,0.1,0.9,0.8,0.7,0.6,0.5,0.4,0.3,0.2,0.1,0.9,0.8,0.7,0.6,0.5,0.4,0.3,0.2,0.1,0.9,0.8,0.7,0.6,0.5,0.4,0.3,0.2,0.1,0.9