SubjectID,Genus,Species,Abundance
1,Bacteroides,Bacteroides_fragilis,0.12
1,Bacteroides,Bacteroides_vulgatus,0.05
1,Prevotella,Prevotella_copri,0.08
1,Ruminococcus,Ruminococcus_bromii,0.03
1,Bifidobacterium,Bifidobacterium_longum,0.06
1,Lactobacillus,Lactobacillus_casei,0.02
1,Akkermansia,Akkermansia_muciniphila,0.04
1,Faecalibacterium,Faecalibacterium_prausnitzii,0.07
1,Escherichia,Escherichia_coli,0.01
1,Clostridium,Clostridium_butyricum,0.03
2,Bacteroides,Bacteroides_fragilis,0.10
2,Bacteroides,Bacteroides_vulgatus,0.07
2,Prevotella,Prevotella_copri,0.06
2,Ruminococcus,Ruminococcus_bromii,0.02
2,Bifidobacterium,Bifidobacterium_longum,0.05
2,Lactobacillus,Lactobacillus_casei,0.03
2,Akkermansia,Akkermansia_muciniphila,0.05
2,Faecalibacterium,Faecalibacterium_prausnitzii,0.06
2,Escherichia,Escherichia_coli,0.02
2,Clostridium,Clostridium_butyricum,0.04
3,Bacteroides,Bacteroides_fragilis,0.09
3,Bacteroides,Bacteroides_vulgatus,0.06
3,Prevotella,Prevotella_copri,0.07
3,Ruminococcus,Ruminococcus_bromii,0.04
3,Bifidobacterium,Bifidobacterium_longum,0.04
3,Lactobacillus,Lactobacillus_casei,0.02
3,Akkermansia,Akkermansia_muciniphila,0.03
3,Faecalibacterium,Faecalibacterium_prausnitzii,0.05
3,Escherichia,Escherichia_coli,0.01
3,Clostridium,Clostridium_butyricum,0.03
4,Bacteroides,Bacteroides_fragilis,0.11
4,Bacteroides,Bacteroides_vulgatus,0.05
4,Prevotella,Prevotella_copri,0.09
4,Ruminococcus,Ruminococcus_bromii,0.03
4,Bifidobacterium,Bifidobacterium_longum,0.05
4,Lactobacillus,Lactobacillus_casei,0.02
4,Akkermansia,Akkermansia_muciniphila,0.04
4,Faecalibacterium,Faecalibacterium_prausnitzii,0.06
4,Escherichia,Escherichia_coli,0.02
4,Clostridium,Clostridium_butyricum,0.03
5,Bacteroides,Bacteroides_fragilis,0.10
5,Bacteroides,Bacteroides_vulgatus,0.06
5,Prevotella,Prevotella_copri,0.08
5,Ruminococcus,Ruminococcus_bromii,0.03
5,Bifidobacterium,Bifidobacterium_longum,0.05
5,Lactobacillus,Lactobacillus_casei,0.03
5,Akkermansia,Akkermansia_muciniphila,0.05
5,Faecalibacterium,Faecalibacterium_prausnitzii,0.07
5,Escherichia,Escherichia_coli,0.02
5,Clostridium,Clostridium_butyricum,0.04
6,Bacteroides,Bacteroides_fragilis,0.12
6,Bacteroides,Bacteroides_vulgatus,0.05
6,Prevotella,Prevotella_copri,0.07
6,Ruminococcus,Ruminococcus_bromii,0.02
6,Bifidobacterium,Bifidobacterium_longum,0.06
6,Lactobacillus,Lactobacillus_casei,0.02
6,Akkermansia,Akkermansia_muciniphila,0.05
6,Faecalibacterium,Faecalibacterium_prausnitzii,0.06
6,Escherichia,Escherichia_coli,0.01
6,Clostridium,Clostridium_butyricum,0.03
7,Bacteroides,Bacteroides_fragilis,0.09
7,Bacteroides,Bacteroides_vulgatus,0.07
7,Prevotella,Prevotella_copri,0.06
7,Ruminococcus,Ruminococcus_bromii,0.03
7,Bifidobacterium,Bifidobacterium_longum,0.05
7,Lactobacillus,Lactobacillus_casei,0.02
7,Akkermansia,Akkermansia_muciniphila,0.04
7,Faecalibacterium,Faecalibacterium_prausnitzii,0.06
7,Escherichia,Escherichia_coli,0.02
7,Clostridium,Clostridium_butyricum,0.03
8,Bacteroides,Bacteroides_fragilis,0.11
8,Bacteroides,Bacteroides_vulgatus,0.06
8,Prevotella,Prevotella_copri,0.07
8,Ruminococcus,Ruminococcus_bromii,0.03
8,Bifidobacterium,Bifidobacterium_longum,0.04
8,Lactobacillus,Lactobacillus_casei,0.03
8,Akkermansia,Akkermansia_muciniphila,0.04
8,Faecalibacterium,Faecalibacterium_prausnitzii,0.05
8,Escherichia,Escherichia_coli,0.02
8,Clostridium,Clostridium_butyricum,0.03
9,Bacteroides,Bacteroides_fragilis,0.10
9,Bacteroides,Bacteroides_vulgatus,0.07
9,Prevotella,Prevotella_copri,0.08
9,Ruminococcus,Ruminococcus_bromii,0.02
9,Bifidobacterium,Bifidobacterium_longum,0.05
9,Lactobacillus,Lactobacillus_casei,0.02
9,Akkermansia,Akkermansia_muciniphila,0.05
9,Faecalibacterium,Faecalibacterium_prausnitzii,0.06
9,Escherichia,Escherichia_coli,0.01
9,Clostridium,Clostridium_butyricum,0.04
10,Bacteroides,Bacteroides_fragilis,0.09
10,Bacteroides,Bacteroides_vulgatus,0.06
10,Prevotella,Prevotella_copri,0.07
10,Ruminococcus,Ruminococcus_bromii,0.04
10,Bifidobacterium,Bifidobacterium_longum,0.04
10,Lactobacillus,Lactobacillus_casei,0.03
10,Akkermansia,Akkermansia_muciniphila,0.04
10,Faecalibacterium,Faecalibacterium_prausnitzii,0.05
10,Escherichia,Escherichia_coli,0.02
10,Clostridium,Clostridium_butyricum,0.03