claim_id,section,paragraph_id,paragraph_job,canonical_claim,allowed_wording,evidence_tier,evidence_role,evidence_family,data_class,dataset_or_artifact,analysis_unit,n_effective,statistic_or_invariant,figure_or_table,main_or_supplementary,status,prohibited_overstatement,boundary,source_path
"ABS-01","Abstract","ABS-S1","Field context","Nutrient profiling provides a population-level food-quality reference for the calibration problem.","Nutrient profiling encodes food composition as population-level food-quality assessments.","published_context","literature_context","nutrient_profiling_context","published_literature_context","Nature Food writing guide and references pending Task 3 verification","not_applicable","not_applicable","Context statement; no project effect estimate","Fig. 1 conceptual schematic","main_conceptual","conditional","Do not imply that the selected baseline has been empirically revalidated in this study.","Context requires verified primary citations before manuscript use.","docs/GMNPS_Nature_Food_Writing_and_Figure_Guide_EN.md"
"ABS-02","Abstract","ABS-S2","Design gap","Individual adaptation requires a calibration layer that remains separate from the shared population prior.","Individual adaptation requires a separate calibration layer around a shared population prior.","published_context","literature_context","precision_nutrition_design_context","published_literature_context","Nature Food writing guide and references pending Task 3 verification","not_applicable","not_applicable","Conceptual design distinction; no participant outcome","Fig. 1 conceptual schematic","main_conceptual","conditional","Do not claim observed person-food heterogeneity in the current project.","This is framing, not a completed empirical comparison.","docs/GMNPS_Nature_Food_Writing_and_Figure_Guide_EN.md"
"ABS-03","Abstract","ABS-S3","Approach","GMNPS is defined as locked bounded attribute-level personalized calibration inside a nutrient profiling system.","GMNPS uses bounded attribute-level calibration with locked inputs.","locked_method_definition","method_definition_or_invariant","locked_attribute_level_method","computational_method","Locked attribute-level GMNPS specification and configuration","method invariant","not_applicable","Native attribute recomposition; named 20% attribute cap; named +/-12 final cap; score_centering=none","Fig. 1 conceptual schematic","main_conceptual","supported","Do not describe a bounded offset added to a final score or claim outcome performance.","Method definition establishes the computational object only.","docs/methods/attribute_level_gmnps_spec.md|code/src/configs/attribute_gmnps.yaml"
"ABS-04","Abstract","ABS-S4","Current evidence tier","The current evidence base is limited to computational feasibility because eligible observed participant-by-meal outcomes are unavailable.","Eligible observed participant-by-meal outcomes are unavailable in the audited data.","computational_feasibility","audited_data_unavailability","phase2_current_evidence_gate","audited_metadata","Current Phase 2 evidence-gate decision","eligible participant-by-meal outcome artifact","not_applicable; no eligible outcome artifact","tier=computational_feasibility; source_state=absent_real_validation_artifacts","Supplementary Table S1 evidence boundary","supplementary_method","supported","Do not imply that a direct response benchmark was run or failed.","Unavailability is an audited data-state statement, not a biological result.","results/phase2/evidence-gate/current_gate_decision.json|docs/data/validation_evidence_matrix.md"
"ABS-05","Abstract","ABS-S5","Completed robustness evidence","The only completed quantitative evidence is one correctly specified synthetic positive-control family that checks programmed-mapping recovery.","The locked implementation recovered the programmed mapping in a correctly specified synthetic positive-control.","computational_feasibility","correctly_specified_synthetic_positive_control","phase2_correctly_specified_synthetic_positive_control","synthetic","Frozen Phase 2 attribute synthetic twin bundle","independent simulation seed","5 independent simulation seeds (24 synthetic individuals x 12 synthetic foods per seed)","Programmed mapping recovered under correct specification; random and Sattolo assignments are negative controls","Supplementary Fig. S1 method positive-control","supplementary_method","supported","Do not call this general superiority or construct biological clinical or external validity.","The data-generating process shares the programmed mapping with the locked implementation.","results/phase2/source-data/correctly_specified_synthetic_positive_control/synthetic_attribute_twin_manifest.json"
"ABS-06","Abstract","ABS-S6","Hard boundary","The abstract must close by separating implementation feasibility from clinical or external validity.","GMNPS does not establish external validity.","computational_feasibility","audited_data_unavailability","phase2_current_evidence_gate","audited_metadata","Current Phase 2 evidence-gate decision","claim boundary","not_applicable","direct external validity gate passed=false","Supplementary Table S1 evidence boundary","supplementary_method","supported","Do not claim guidance causality clinical validity direct response validity or external validity.","Any empirical implication remains contingent on eligible real outcomes and production execution.","results/phase2/evidence-gate/current_gate_decision.json|results/phase2/evidence-gate/claim_policy.json"
"RES-01","Results","RES-P1","Establish method","The primary computational object recalibrates native nutrient-profile attributes before domain recomposition.","The GMNPS method computes bounded attribute-level scores from locked inputs.","locked_method_definition","method_definition_or_invariant","locked_attribute_level_method","computational_method","Locked attribute rules mapping calibration and recomposition modules","attribute and domain invariant","not_applicable","Attribute-level response -> capped native points -> dynamic native-domain recomposition -> bounded final score","Fig. 1 conceptual schematic","main_conceptual","supported","Do not present the historical final-score offset as the primary method.","The panel is conceptual and contains no quantitative empirical result.","docs/methods/attribute_level_gmnps_spec.md|code/src/gmnps/scoring/attribute_recomposition.py"
"RES-02","Results","RES-P1","State invariants","The locked primary method uses named caps preserves zero-response identity and applies no population or per-food score centering.","The implementation uses bounded attribute-level calibration with locked inputs.","locked_method_definition","method_definition_or_invariant","locked_attribute_level_method","computational_method","Phase 1 method lock and invariant tests","method invariant","not_applicable","primary point_fraction=0.20; final_deviation=+/-12; score_centering=none; zero-effect identity tolerance=1e-8","Supplementary Table S2 method invariants","supplementary_method","supported","Do not infer observed population preservation from designed bounds or identity tests.","These are implementation properties rather than empirical nutrition findings.","docs/methods/attribute_level_gmnps_spec.md|.superpowers/sdd/phase1-final-fix-report.md"
"RES-03","Results","RES-P2","Report fail-closed tier","The evidence gate remains fail closed at computational feasibility in the absence of real validation artifacts.","The evidence gate implements a computational, fail-closed design.","computational_feasibility","fail_closed_computational_design","phase2_current_evidence_gate","audited_metadata","Current Phase 2 evidence-gate decision and policy","gate decision","not_applicable","passed=false; tier=computational_feasibility","Supplementary Table S1 evidence boundary","supplementary_method","supported","Do not interpret a fail-closed gate as evidence of model performance.","The gate reports evidence eligibility and authorization only.","results/phase2/evidence-gate/current_gate_decision.json|results/phase2/evidence-gate/claim_policy.json"
"RES-04","Results","RES-P3","Audit outcome availability","The audited access record identifies a controlled archive but no granted linkable outcome table.","Eligible observed participant-by-meal outcomes are unavailable in the audited data.","computational_feasibility","audited_data_unavailability","phase2_data_availability_audit","audited_metadata","PREDICT and ZOE provenance audit plus validation evidence matrix","data resource","not_applicable; controlled access not granted","No verified endpoint schema meal key participant-microbiome linkage or eligible outcome bytes","Supplementary Table S1 evidence boundary","supplementary_method","supported","Do not describe public microbiome predictors or aggregate ranks as response outcomes.","Metadata access does not authorize or substitute for outcome analysis.","docs/data/validation_evidence_matrix.md|.superpowers/sdd/phase2-task1-report.md|.superpowers/sdd/phase2-task2-report.md"
"RES-05","Results","RES-P3","Audit production execution","No production run has evaluated the locked method across the required 9,234-food universe.","Production execution has not been performed for the 9,234-food universe.","computational_feasibility","audited_data_unavailability","phase2_production_execution_audit","audited_metadata","Phase 2 Task 2 and Task 4 execution reports","production food bundle and person-food panel","not_applicable; production artifact chain absent","No approved FCS2/FNDDS production artifact; no production population output","Supplementary Table S1 evidence boundary","supplementary_method","supported","Do not report population rank preservation category transitions or food-group heterogeneity.","Designed safety properties are not observed population findings.",".superpowers/sdd/phase2-task2-report.md|.superpowers/sdd/phase2-task4-report.md"
"RES-06","Results","RES-P4","Positive-control recovery","Under programmed truth the locked implementation recovers the mapping encoded by the correctly specified generator.","The locked implementation recovered the programmed mapping in a correctly specified synthetic positive-control.","computational_feasibility","correctly_specified_synthetic_positive_control","phase2_correctly_specified_synthetic_positive_control","synthetic","Frozen Phase 2 attribute synthetic twin bundle","independent simulation seed","5 independent simulation seeds (24 synthetic individuals x 12 synthetic foods per seed)","All five code-fixed positive-control checks passed","Supplementary Fig. S1 method positive-control","supplementary_method","supported","Do not generalize programmed-truth recovery to biological response prediction.","Correct specification favors the evaluated mapping and does not test misspecification.","results/phase2/source-data/correctly_specified_synthetic_positive_control/synthetic_attribute_twin_success_checks.csv|results/phase2/source-data/correctly_specified_synthetic_positive_control/synthetic_attribute_twin_manifest.json"
"RES-07","Results","RES-P5","Negative controls","Programmed-mapping recovery is lost when microbiome assignment is randomized or replaced by a deterministic Sattolo derangement.","Programmed-mapping recovery was lost after random or Sattolo-deranged assignment.","computational_feasibility","correctly_specified_synthetic_positive_control","phase2_correctly_specified_synthetic_positive_control","synthetic","Frozen Phase 2 attribute synthetic twin bundle","independent simulation seed","5 independent simulation seeds (24 synthetic individuals x 12 synthetic foods per seed)","Code-fixed random-assignment and Sattolo-assignment loss-of-recovery checks passed","Supplementary Fig. S1 method positive-control","supplementary_method","supported","Do not count the two controls as independent validation cohorts or evidence families.","Both controls belong to the same correctly specified synthetic experiment.","results/phase2/source-data/correctly_specified_synthetic_positive_control/synthetic_attribute_twin_success_checks.csv|results/phase2/source-data/correctly_specified_synthetic_positive_control/synthetic_attribute_twin_manifest.json"
"RES-08","Results","RES-P5","Positive-control boundary","Synthetic recovery is an implementation-fidelity check under a correctly specified data-generating process.","Synthetic evidence does not establish external validity.","computational_feasibility","correctly_specified_synthetic_positive_control","phase2_correctly_specified_synthetic_positive_control","synthetic","Frozen Phase 2 attribute synthetic twin bundle","claim boundary","5 independent simulation seeds","clinical_or_external_validation=false; independently_preregistered=false","Supplementary Fig. S1 method positive-control","supplementary_method","supported","Do not claim biological-mask superiority construct validity or real response prediction.","The formal run is assumption-bound and code-fixed in the same release.","results/phase2/source-data/correctly_specified_synthetic_positive_control/synthetic_attribute_twin_manifest.json|.superpowers/sdd/phase2-task5-report.md"
"RES-09","Results","RES-P6","Content review","Two review rounds involving six experts assessed channel content and interpretability and recorded group-classification agreement and clarification requests.","Six experts completed two review rounds covering channel content and interpretability.","expert_content_validity","expert_review_content_validity","two_round_expert_content_review","expert_review_records","C1 nutrient masks C3 food-group consensus and review guide","expert reviewer","6 experts; 2 review rounds","97.2% group-classification agreement; 2 requests for clarification","Supplementary Table S3 expert content review","supplementary_method","conditional","Do not call expert review outcome validation clinical readiness or biological superiority of the mask.","Expert review supports content validity and interpretability only.","expert_review/C1_nutrient_masks.xlsx|expert_review/C3_food_group_consensus.xlsx|expert_review/README_for_experts.pdf"
"RES-10","Results","RES-P7","Population safety slot","A real production person-food run would be required to estimate population preservation and food-group heterogeneity.","","blocked_external_data","future_external_empirical_test","future_population_safety_run","external_blocker","Missing production 9,234-food run and trusted artifact chain","food in complete production person x food panel","not_available","No observed preservation statistic is available","blocked_external_data:Fig. 2","blocked_external_data","blocked","No population preservation category transition or heterogeneity result may be reported.","Designed safety properties cannot be promoted to observed findings.","EXTERNAL_BLOCKER:No approved production 9,234-food attribute bundle or population run exists"
"RES-11","Results","RES-P8","Direct response slot","Eligible observed participant-by-meal outcomes are required for subject-held-out response testing.","","blocked_external_data","future_external_empirical_test","future_direct_response_validation","external_blocker","Missing eligible participant-by-meal outcomes and production benchmark artifacts","family/twin component in subject-held-out participant-meal testing","not_available","No RMSE confidence interval adjusted P value or endpoint effect is available","blocked_external_data:Fig. 3","blocked_external_data","blocked","No real response prediction direct validity external validity or superiority claim may be reported.","The controlled archive is not granted and linkage remains unverified.","EXTERNAL_BLOCKER:Eligible observed participant-by-meal outcomes and immutable benchmark artifacts are unavailable"
"RES-12","Results","RES-P8","Generalization slot","Registry-bound population GMrepo ZOE and knowledge-path runs are required before any generalization or biological-consistency result.","","blocked_external_data","future_external_empirical_test","future_task4_supporting_evidence","external_blocker","Missing Task 4 production trust registries and source-bound runs","source-specific production analysis unit","not_available","No population GMrepo ZOE or knowledge-path estimate is available","blocked_external_data:Fig. 4","blocked_external_data","blocked","No disease knowledge-graph mechanistic generalization or observed population claim may be reported.","Task 4 APIs and test fixtures do not constitute executed production evidence.","EXTERNAL_BLOCKER:Task 4 population GMrepo ZOE and knowledge-path production analyses have not been executed"
"DIS-01","Discussion","DIS-P1","Interpret method contribution","The defensible contribution is a locked attribute-level formulation of personalized calibration within a nutrient profiling system.","The GMNPS method uses bounded attribute-level calibration with locked inputs.","locked_method_definition","method_definition_or_invariant","locked_attribute_level_method","computational_method","Locked attribute-level GMNPS specification","method invariant","not_applicable","Personalization acts before native-domain recomposition and remains bounded","Fig. 1 conceptual schematic","main_conceptual","supported","Do not claim that the formulation changes health outcomes or improves predictions.","Conceptual contribution must remain separate from empirical effectiveness.","docs/methods/attribute_level_gmnps_spec.md|.superpowers/sdd/phase1-final-fix-report.md"
"DIS-02","Discussion","DIS-P2","Interpret robustness","The positive-control diagnoses numerical implementation fidelity but not robustness to biological model misspecification.","Programmed truth permits a check of numerical fidelity, not real-world performance.","computational_feasibility","correctly_specified_synthetic_positive_control","phase2_correctly_specified_synthetic_positive_control","synthetic","Frozen Phase 2 attribute synthetic twin bundle","claim boundary","5 independent simulation seeds","Correct specification and code-fixed checks constrain interpretation","Supplementary Fig. S1 method positive-control","supplementary_method","supported","Do not describe lower synthetic error as biological or real-world superiority.","Only one synthetic evidence family exists despite multiple comparators and controls.","results/phase2/source-data/correctly_specified_synthetic_positive_control/synthetic_attribute_twin_manifest.json|.superpowers/sdd/phase2-task5-report.md"
"DIS-03","Discussion","DIS-P3","Interpret expert review","The expert record constrains channel content and interpretability without validating outcomes or mask superiority.","The two-round expert record concerns content and interpretability only.","expert_content_validity","expert_review_content_validity","two_round_expert_content_review","expert_review_records","C1 nutrient masks C3 food-group consensus and review guide","expert reviewer","6 experts; 2 review rounds","97.2% group-classification agreement; 2 requests for clarification","Supplementary Table S3 expert content review","supplementary_method","conditional","Do not convert consensus into external clinical construct or biological validity.","Review evidence is limited to content validity.","expert_review/C1_nutrient_masks.xlsx|expert_review/C3_food_group_consensus.xlsx|expert_review/README_for_experts.pdf"
"DIS-04","Discussion","DIS-P4","State readiness","Without eligible real outcomes or a production food run the current work is not an empirical Article submission-ready package.","An empirical Article is not submission-ready without eligible real outcomes and production analyses.","computational_feasibility","audited_data_unavailability","phase2_current_evidence_gate","audited_metadata","Current evidence decision and Phase 2 execution reports","submission evidence package","not_applicable","No eligible direct outcome run; no production population or Task 4 run","Supplementary Table S1 evidence boundary","supplementary_method","supported","Do not fill Fig. 2-4 with synthetic or test-fixture outputs.","A methods-focused package would require a different article type and claim hierarchy.","results/phase2/evidence-gate/current_gate_decision.json|.superpowers/sdd/phase2-task4-report.md|.superpowers/sdd/phase2-task5-report.md"
"DIS-05","Discussion","DIS-P4","Close hard boundary","No completed analysis supports dietary guidance causality clinical validity or external validity.","GMNPS does not establish external validity.","computational_feasibility","audited_data_unavailability","phase2_current_evidence_gate","audited_metadata","Current Phase 2 evidence-gate decision and claim policy","claim boundary","not_applicable","Forbidden claims include guidance causality clinical direct response and external validity","Supplementary Table S1 evidence boundary","supplementary_method","supported","Do not use disease prediction mechanistic validation recommendation or causal language.","All analyses are computational and retrospective; eligible empirical analyses remain absent.","results/phase2/evidence-gate/current_gate_decision.json|results/phase2/evidence-gate/claim_policy.json"
"DIS-06","Discussion","DIS-P5","Define future empirical path","A future empirical Article requires production population auditing eligible participant-by-meal outcomes and registry-bound supporting analyses.","","blocked_external_data","future_external_empirical_test","future_article_evidence_chain","external_blocker","Missing complete empirical evidence chain","predeclared source-specific units","not_available","Future analyses must report effect sizes intervals multiplicity split logic and provenance","blocked_external_data:Fig. 2-4","blocked_external_data","blocked","Do not describe future experiments as completed or expected to be positive.","Future work must preserve frozen method and outcome-independent analysis choices.","EXTERNAL_BLOCKER:Production population direct-response and supporting-evidence artifact chains are unavailable"
