sample_id,reason
SID31009,contradictory_health_metadata
SID31071,contradictory_health_metadata
SID31112,contradictory_health_metadata
SID31129,contradictory_health_metadata
SID31160,contradictory_health_metadata
SID31219,contradictory_health_metadata
SID31236,contradictory_health_metadata
SID31300,contradictory_health_metadata
SID31328,contradictory_health_metadata
SID31343,contradictory_health_metadata
SID31360,contradictory_health_metadata
SID31379,contradictory_health_metadata
SID31416,contradictory_health_metadata
SID31428,contradictory_health_metadata
SID31450,contradictory_health_metadata
SID31512,contradictory_health_metadata
SID31537,contradictory_health_metadata
SID31557,contradictory_health_metadata
SID31637,contradictory_health_metadata
SID31700,contradictory_health_metadata
SID31711,contradictory_health_metadata
SID31714,contradictory_health_metadata
SID31749,contradictory_health_metadata
SID31750,contradictory_health_metadata
SID31766,contradictory_health_metadata
SID530050,contradictory_health_metadata
SID530052,contradictory_health_metadata
SID530055,contradictory_health_metadata
SID530075,contradictory_health_metadata
SID530119,contradictory_health_metadata
SID530154,contradictory_health_metadata
SID530163,contradictory_health_metadata
SID530167,contradictory_health_metadata
SID530215,contradictory_health_metadata
SID530227,contradictory_health_metadata
SID530251,contradictory_health_metadata
SID530315,contradictory_health_metadata
SID530364,contradictory_health_metadata
SID530368,contradictory_health_metadata
SID530451,contradictory_health_metadata
SID531424,contradictory_health_metadata
SID532749,contradictory_health_metadata
SID532779,contradictory_health_metadata
SID532796,contradictory_health_metadata
SID532826,contradictory_health_metadata
M04.1-V1-stool,contradictory_health_metadata
M04.1-V3-stool,contradictory_health_metadata
M04.6-V1-stool,contradictory_health_metadata
M04.6-V2-stool,contradictory_health_metadata
M04.6-V3-stool,contradictory_health_metadata
HMP2_J00837_M_ST_T0_B0_0120_ZLZQMEV-1012_C93B2ANXX,contradictory_health_metadata
HMP2_J00839_M_ST_T0_B0_0120_ZLZQMEV-1015_C93B2ANXX,contradictory_health_metadata
HMP2_J00839_M_ST_T0_B0_0120_ZLZQMEV-1015_HA986ADXX,contradictory_health_metadata
HMP2_J43816_M_ST_T0_B0_0120_ZYLJ7R7-1014_C93B2ANXX,contradictory_health_metadata
SID0002_gti,contradictory_health_metadata
SID0004_cle,contradictory_health_metadata
SID0008_kcu,contradictory_health_metadata
SID0009_rhg,contradictory_health_metadata
SID0011_vkb,contradictory_health_metadata
SID0012_qdz,contradictory_health_metadata
SID0013_eop,contradictory_health_metadata
SID0014_cps,contradictory_health_metadata
SID1003_aac,contradictory_health_metadata
SID1009_aai,contradictory_health_metadata
SID1011_aak,contradictory_health_metadata
SID1014_aan,contradictory_health_metadata
SID1015_aao,contradictory_health_metadata
SID1050_bax,contradictory_health_metadata
SID5012_fio,contradictory_health_metadata
SID5039_iqx,contradictory_health_metadata
SID5049_uhx,contradictory_health_metadata
SID5161_prh,contradictory_health_metadata
SID5208_byt,contradictory_health_metadata
SID5376_qdo,contradictory_health_metadata
SID5390_yff,contradictory_health_metadata
SID5442_twn,contradictory_health_metadata
SID5445_vub,contradictory_health_metadata
SID5450_zsn,contradictory_health_metadata
SID5489_bgj,contradictory_health_metadata
SID5501_aaq,contradictory_health_metadata
SID5566_wwo,contradictory_health_metadata
SID5570_qby,contradictory_health_metadata
SID5577_ytn,contradictory_health_metadata
SID5579_bce,contradictory_health_metadata
SID5581_yad,contradictory_health_metadata
SID5584_vix,contradictory_health_metadata
SID5627_irb,contradictory_health_metadata
SID5631_soh,contradictory_health_metadata
SID5634_lel,contradictory_health_metadata
SID5639_uuc,contradictory_health_metadata
LILT_GF06_16,contradictory_health_metadata
LILT_VF00TL_16,contradictory_health_metadata
LILT_VF06_16,contradictory_health_metadata
LILT_VF40_16,contradictory_health_metadata
LILT_VF43_16,contradictory_health_metadata
LILT_VF84_16,contradictory_health_metadata
LILT_VF170_T016,contradictory_health_metadata
LILT_VF206_T016,contradictory_health_metadata
LILT_VF265_T016,contradictory_health_metadata
LILT_VF28_T016,contradictory_health_metadata
MM017,contradictory_health_metadata
MM020.1,contradictory_health_metadata
MM020.2,contradictory_health_metadata
MM020.3,contradictory_health_metadata
MM044.1,contradictory_health_metadata
MM064.1,contradictory_health_metadata
MM064.2,contradictory_health_metadata
MM066,contradictory_health_metadata
MM070.1,contradictory_health_metadata
MM070.2,contradictory_health_metadata
MM070.3,contradictory_health_metadata
MM072.1,contradictory_health_metadata
MM072.2,contradictory_health_metadata
YSZC12003_35365,contradictory_health_metadata
YSZC12003_35366,contradictory_health_metadata
YSZC12003_35390,contradictory_health_metadata
YSZC12003_35629,contradictory_health_metadata
YSZC12003_36116,contradictory_health_metadata
YSZC12003_36697,contradictory_health_metadata
YSZC12003_37283,contradictory_health_metadata
YSZC12003_37287,contradictory_health_metadata
SAMD00164872,contradictory_health_metadata
SAMD00164874,contradictory_health_metadata
SAMD00164875,contradictory_health_metadata
SAMD00164876,contradictory_health_metadata
SAMD00164892,contradictory_health_metadata
SZAXPI015228-14,contradictory_health_metadata
SZAXPI015233-19,contradictory_health_metadata
SZAXPI015239-25,contradictory_health_metadata
SZAXPI015240-26,contradictory_health_metadata
SZAXPI015242-30,contradictory_health_metadata
SZAXPI015243-31,contradictory_health_metadata
SZAXPI015244-32,contradictory_health_metadata
SZAXPI015249-37,contradictory_health_metadata
SZAXPI015252-43,contradictory_health_metadata
SZAXPI015257-56,contradictory_health_metadata
SZAXPI015260-74,contradictory_health_metadata
SZAXPI015262-79,contradictory_health_metadata
SZAXPI015263-84,contradictory_health_metadata
SZAXPI015266-89,contradictory_health_metadata
SZAXPI015268-109,contradictory_health_metadata
SZAXPI015269-94,contradictory_health_metadata
