nutrient,channel,channel_weight,evidence_direction,n_nonzero_genera,l1_norm,l2_norm
Energy (kcal),OTHER,0.25,1.0,0,0.0,0.0
Protein (g),OTHER,0.25,1.0,34,0.7779343128204346,0.2500000034792436
Carbohydrate (g),OTHER,0.25,1.0,34,0.7291845083236694,0.2500000033094609
"Sugars, total (g)",OTHER,0.25,1.0,34,0.7306646108627319,0.24999999629932707
"Fiber, total dietary (g)",MAC,1.0,1.0,35,3.2426857948303223,0.9999999980701317
Total Fat (g),LIPID,1.0,-1.0,29,3.39507794380188,1.0000000152767239
"Fatty acids, total saturated (g)",LIPID,1.0,-1.0,34,3.424919605255127,1.0000000039611392
"Fatty acids, total monounsaturated (g)",OTHER,0.25,1.0,32,0.855410099029541,0.24999999805440587
"Fatty acids, total polyunsaturated (g)",OTHER,0.25,1.0,10,0.5621488094329834,0.25000000524571014
Cholesterol (mg),LIPID,1.0,-1.0,0,0.0,0.0
Retinol (mcg),LIPID,1.0,-1.0,24,2.5537071228027344,0.9999999965516391
"Vitamin A, RAE (mcg_RAE)",OTHER,0.25,1.0,24,0.6384268403053284,0.25000000154634044
"Carotene, alpha (mcg)",MAC,1.0,1.0,24,2.5537073612213135,1.0000000061853618
"Carotene, beta (mcg)",MAC,1.0,1.0,0,0.0,0.0
"Cryptoxanthin, beta (mcg)",MAC,1.0,1.0,24,2.5537073612213135,1.0000000061853618
Lycopene (mcg),MAC,1.0,1.0,0,0.0,0.0
Lutein + zeaxanthin (mcg),MAC,1.0,1.0,0,0.0,0.0
Thiamin (mg),OTHER,0.25,1.0,34,0.7674232125282288,0.25000000162846364
Riboflavin (mg),OTHER,0.25,1.0,34,0.7620255351066589,0.24999999488024816
Niacin (mg),OTHER,0.25,1.0,34,0.7758740782737732,0.24999999289586425
Vitamin B-6 (mg),OTHER,0.25,1.0,34,0.7769033312797546,0.2499999985225499
Folic acid (mcg),OTHER,0.25,1.0,31,0.7547941207885742,0.2500000039793753
"Folate, food (mcg)",MAC,1.0,1.0,34,3.0726771354675293,1.0000000029112004
"Folate, DFE (mcg_DFE)",OTHER,0.25,1.0,34,0.7681692838668823,0.2500000007278001
"Folate, total (mcg)",OTHER,0.25,1.0,34,0.7541943788528442,0.2499999953875003
"Choline, total (mg)",LIPID,1.0,-1.0,33,3.11508846282959,0.9999999959165299
Vitamin B-12 (mcg),LIPID,1.0,-1.0,34,3.26933217048645,0.9999999829807158
"Vitamin B-12, added (mcg)",OTHER,0.25,1.0,34,0.8173330426216125,0.24999999574517895
Vitamin C (mg),MAC,1.0,1.0,1,1.0,1.0
Vitamin D (D2 + D3) (mcg),OTHER,0.25,1.0,5,0.44721361994743347,0.2499999970065496
Vitamin E (alpha-tocopherol) (mg),MAC,1.0,1.0,0,0.0,0.0
"Vitamin E, added (mg)",OTHER,0.25,1.0,0,0.0,0.0
Vitamin K (phylloquinone) (mcg),MAC,1.0,1.0,34,3.163268566131592,0.9999999955662481
Calcium (mg),OTHER,0.25,1.0,34,0.7809726595878601,0.25000000003429707
Phosphorus (mg),OTHER,0.25,1.0,34,0.7809726595878601,0.25000000003429707
Magnesium (mg),MAC,1.0,1.0,34,3.1238906383514404,1.0000000001371883
Iron (mg),OTHER,0.25,1.0,0,0.0,0.0
Zinc (mg),OTHER,0.25,1.0,34,0.7809726595878601,0.25000000003429707
Copper (mg),OTHER,0.25,1.0,0,0.0,0.0
Selenium (mcg),OTHER,0.25,1.0,1,0.25,0.25
Potassium (mg),MAC,1.0,1.0,34,3.1238906383514404,1.0000000001371883
Sodium (mg),OTHER,0.25,1.0,34,0.7957006692886353,0.24999999766465678
Caffeine (mg),OTHER,0.25,1.0,0,0.0,0.0
Theobromine (mg),OTHER,0.25,1.0,0,0.0,0.0
Alcohol (g),OTHER,0.25,1.0,32,0.7237851619720459,0.25000000034263437
4:0 (g),LIPID,1.0,-1.0,21,3.072885274887085,1.0000000156324331
6:0 (g),LIPID,1.0,-1.0,21,3.072885274887085,1.0000000156324331
8:0 (g),LIPID,1.0,-1.0,7,2.6457512378692627,0.9999999835989856
10:0 (g),LIPID,1.0,-1.0,6,1.963960886001587,1.0000000192419445
12:0 (g),LIPID,1.0,-1.0,34,3.1238906383514404,0.9999999897156354
14:0 (g),LIPID,1.0,-1.0,32,3.4536068439483643,0.9999999869013438
16:0 (g),LIPID,1.0,-1.0,32,3.4536068439483643,0.9999999803525936
18:0 (g),LIPID,1.0,-1.0,34,3.2713310718536377,0.9999999981897844
16:1 (g),OTHER,0.25,1.0,32,0.8634017109870911,0.2500000073308337
18:1 (g),OTHER,0.25,1.0,32,0.8560605049133301,0.2500000055173807
20:1 (g),OTHER,0.25,1.0,32,0.8560605049133301,0.2500000055173807
22:1 (g),OTHER,0.25,1.0,32,0.8560605049133301,0.2500000055173807
18:2 (g),OTHER,0.25,1.0,10,0.6062178015708923,0.2499999991692977
18:3 (g),OTHER,0.25,1.0,4,0.45000001788139343,0.2500000037252903
18:4 (g),OTHER,0.25,1.0,4,0.45000001788139343,0.2500000037252903
20:4 (g),OTHER,0.25,1.0,10,0.6062178015708923,0.2499999991692977
20:5 n-3 (g),OTHER,0.25,1.0,4,0.45000001788139343,0.2500000037252903
22:5 n-3 (g),OTHER,0.25,1.0,4,0.45000001788139343,0.2500000037252903
22:6 n-3 (g),OTHER,0.25,1.0,4,0.45000001788139343,0.2500000037252903
Water (g),OTHER,0.25,1.0,34,0.7809726595878601,0.25000000003429707
