attribute,conceptual_name,domain,kind,low_target,high_target,low_points,high_points,unit,weight,active,unavailability_reason,ambiguity,primary_rule_version,scoring_versions_json,primary_mappings_json,sensitivity_mappings_json
unsaturated_to_saturated_fat_ratio,unsaturated_to_saturated_fat_ratio,nutrient_ratios,log_ratio,-0.66,1.77,-10,10,ratio,1.0,true,,,,[],"[{""allocation_weight"":1.0,""attribute"":""unsaturated_to_saturated_fat_ratio"",""channel"":""LIPID"",""component_policy"":""denominator_component"",""nutrient"":""Fatty acids, total saturated (g)"",""role"":""effect"",""version"":""expert_reviewed_attribute_mapping_v1""},{""allocation_weight"":0.0,""attribute"":""unsaturated_to_saturated_fat_ratio"",""channel"":""LIPID"",""component_policy"":""gate_input"",""nutrient"":""Total Fat (g)"",""role"":""applicability_only"",""version"":""expert_reviewed_attribute_mapping_v1""},{""allocation_weight"":0.0,""attribute"":""unsaturated_to_saturated_fat_ratio"",""channel"":""LIPID"",""component_policy"":""denominator_subcomponent"",""nutrient"":""4:0 (g)"",""role"":""explanatory_only"",""version"":""expert_reviewed_attribute_mapping_v1""},{""allocation_weight"":0.0,""attribute"":""unsaturated_to_saturated_fat_ratio"",""channel"":""LIPID"",""component_policy"":""denominator_subcomponent"",""nutrient"":""6:0 (g)"",""role"":""explanatory_only"",""version"":""expert_reviewed_attribute_mapping_v1""},{""allocation_weight"":0.0,""attribute"":""unsaturated_to_saturated_fat_ratio"",""channel"":""LIPID"",""component_policy"":""denominator_subcomponent"",""nutrient"":""14:0 (g)"",""role"":""explanatory_only"",""version"":""expert_reviewed_attribute_mapping_v1""},{""allocation_weight"":0.0,""attribute"":""unsaturated_to_saturated_fat_ratio"",""channel"":""LIPID"",""component_policy"":""denominator_subcomponent"",""nutrient"":""16:0 (g)"",""role"":""explanatory_only"",""version"":""expert_reviewed_attribute_mapping_v1""},{""allocation_weight"":0.0,""attribute"":""unsaturated_to_saturated_fat_ratio"",""channel"":""LIPID"",""component_policy"":""denominator_subcomponent"",""nutrient"":""18:0 (g)"",""role"":""explanatory_only"",""version"":""expert_reviewed_attribute_mapping_v1""}]","{""carbohydrate_proxy"":[{""allocation_weight"":1.0,""attribute"":""unsaturated_to_saturated_fat_ratio"",""channel"":""LIPID"",""component_policy"":""denominator_component"",""nutrient"":""Fatty acids, total saturated (g)"",""role"":""effect"",""version"":""carbohydrate_proxy""},{""allocation_weight"":0.0,""attribute"":""unsaturated_to_saturated_fat_ratio"",""channel"":""LIPID"",""component_policy"":""gate_input"",""nutrient"":""Total Fat (g)"",""role"":""applicability_only"",""version"":""carbohydrate_proxy""},{""allocation_weight"":0.0,""attribute"":""unsaturated_to_saturated_fat_ratio"",""channel"":""LIPID"",""component_policy"":""denominator_subcomponent"",""nutrient"":""4:0 (g)"",""role"":""explanatory_only"",""version"":""carbohydrate_proxy""},{""allocation_weight"":0.0,""attribute"":""unsaturated_to_saturated_fat_ratio"",""channel"":""LIPID"",""component_policy"":""denominator_subcomponent"",""nutrient"":""6:0 (g)"",""role"":""explanatory_only"",""version"":""carbohydrate_proxy""},{""allocation_weight"":0.0,""attribute"":""unsaturated_to_saturated_fat_ratio"",""channel"":""LIPID"",""component_policy"":""denominator_subcomponent"",""nutrient"":""14:0 (g)"",""role"":""explanatory_only"",""version"":""carbohydrate_proxy""},{""allocation_weight"":0.0,""attribute"":""unsaturated_to_saturated_fat_ratio"",""channel"":""LIPID"",""component_policy"":""denominator_subcomponent"",""nutrient"":""16:0 (g)"",""role"":""explanatory_only"",""version"":""carbohydrate_proxy""},{""allocation_weight"":0.0,""attribute"":""unsaturated_to_saturated_fat_ratio"",""channel"":""LIPID"",""component_policy"":""denominator_subcomponent"",""nutrient"":""18:0 (g)"",""role"":""explanatory_only"",""version"":""carbohydrate_proxy""}],""fiber_all_absolute"":[{""allocation_weight"":1.0,""attribute"":""unsaturated_to_saturated_fat_ratio"",""channel"":""LIPID"",""component_policy"":""denominator_component"",""nutrient"":""Fatty acids, total saturated (g)"",""role"":""effect"",""version"":""fiber_all_absolute""},{""allocation_weight"":0.0,""attribute"":""unsaturated_to_saturated_fat_ratio"",""channel"":""LIPID"",""component_policy"":""gate_input"",""nutrient"":""Total Fat (g)"",""role"":""applicability_only"",""version"":""fiber_all_absolute""},{""allocation_weight"":0.0,""attribute"":""unsaturated_to_saturated_fat_ratio"",""channel"":""LIPID"",""component_policy"":""denominator_subcomponent"",""nutrient"":""4:0 (g)"",""role"":""explanatory_only"",""version"":""fiber_all_absolute""},{""allocation_weight"":0.0,""attribute"":""unsaturated_to_saturated_fat_ratio"",""channel"":""LIPID"",""component_policy"":""denominator_subcomponent"",""nutrient"":""6:0 (g)"",""role"":""explanatory_only"",""version"":""fiber_all_absolute""},{""allocation_weight"":0.0,""attribute"":""unsaturated_to_saturated_fat_ratio"",""channel"":""LIPID"",""component_policy"":""denominator_subcomponent"",""nutrient"":""14:0 (g)"",""role"":""explanatory_only"",""version"":""fiber_all_absolute""},{""allocation_weight"":0.0,""attribute"":""unsaturated_to_saturated_fat_ratio"",""channel"":""LIPID"",""component_policy"":""denominator_subcomponent"",""nutrient"":""16:0 (g)"",""role"":""explanatory_only"",""version"":""fiber_all_absolute""},{""allocation_weight"":0.0,""attribute"":""unsaturated_to_saturated_fat_ratio"",""channel"":""LIPID"",""component_policy"":""denominator_subcomponent"",""nutrient"":""18:0 (g)"",""role"":""explanatory_only"",""version"":""fiber_all_absolute""}],""fiber_all_ratio"":[{""allocation_weight"":1.0,""attribute"":""unsaturated_to_saturated_fat_ratio"",""channel"":""LIPID"",""component_policy"":""denominator_component"",""nutrient"":""Fatty acids, total saturated (g)"",""role"":""effect"",""version"":""fiber_all_ratio""},{""allocation_weight"":0.0,""attribute"":""unsaturated_to_saturated_fat_ratio"",""channel"":""LIPID"",""component_policy"":""gate_input"",""nutrient"":""Total Fat (g)"",""role"":""applicability_only"",""version"":""fiber_all_ratio""},{""allocation_weight"":0.0,""attribute"":""unsaturated_to_saturated_fat_ratio"",""channel"":""LIPID"",""component_policy"":""denominator_subcomponent"",""nutrient"":""4:0 (g)"",""role"":""explanatory_only"",""version"":""fiber_all_ratio""},{""allocation_weight"":0.0,""attribute"":""unsaturated_to_saturated_fat_ratio"",""channel"":""LIPID"",""component_policy"":""denominator_subcomponent"",""nutrient"":""6:0 (g)"",""role"":""explanatory_only"",""version"":""fiber_all_ratio""},{""allocation_weight"":0.0,""attribute"":""unsaturated_to_saturated_fat_ratio"",""channel"":""LIPID"",""component_policy"":""denominator_subcomponent"",""nutrient"":""14:0 (g)"",""role"":""explanatory_only"",""version"":""fiber_all_ratio""},{""allocation_weight"":0.0,""attribute"":""unsaturated_to_saturated_fat_ratio"",""channel"":""LIPID"",""component_policy"":""denominator_subcomponent"",""nutrient"":""16:0 (g)"",""role"":""explanatory_only"",""version"":""fiber_all_ratio""},{""allocation_weight"":0.0,""attribute"":""unsaturated_to_saturated_fat_ratio"",""channel"":""LIPID"",""component_policy"":""denominator_subcomponent"",""nutrient"":""18:0 (g)"",""role"":""explanatory_only"",""version"":""fiber_all_ratio""}],""potassium_all_absolute"":[{""allocation_weight"":1.0,""attribute"":""unsaturated_to_saturated_fat_ratio"",""channel"":""LIPID"",""component_policy"":""denominator_component"",""nutrient"":""Fatty acids, total saturated (g)"",""role"":""effect"",""version"":""potassium_all_absolute""},{""allocation_weight"":0.0,""attribute"":""unsaturated_to_saturated_fat_ratio"",""channel"":""LIPID"",""component_policy"":""gate_input"",""nutrient"":""Total Fat (g)"",""role"":""applicability_only"",""version"":""potassium_all_absolute""},{""allocation_weight"":0.0,""attribute"":""unsaturated_to_saturated_fat_ratio"",""channel"":""LIPID"",""component_policy"":""denominator_subcomponent"",""nutrient"":""4:0 (g)"",""role"":""explanatory_only"",""version"":""potassium_all_absolute""},{""allocation_weight"":0.0,""attribute"":""unsaturated_to_saturated_fat_ratio"",""channel"":""LIPID"",""component_policy"":""denominator_subcomponent"",""nutrient"":""6:0 (g)"",""role"":""explanatory_only"",""version"":""potassium_all_absolute""},{""allocation_weight"":0.0,""attribute"":""unsaturated_to_saturated_fat_ratio"",""channel"":""LIPID"",""component_policy"":""denominator_subcomponent"",""nutrient"":""14:0 (g)"",""role"":""explanatory_only"",""version"":""potassium_all_absolute""},{""allocation_weight"":0.0,""attribute"":""unsaturated_to_saturated_fat_ratio"",""channel"":""LIPID"",""component_policy"":""denominator_subcomponent"",""nutrient"":""16:0 (g)"",""role"":""explanatory_only"",""version"":""potassium_all_absolute""},{""allocation_weight"":0.0,""attribute"":""unsaturated_to_saturated_fat_ratio"",""channel"":""LIPID"",""component_policy"":""denominator_subcomponent"",""nutrient"":""18:0 (g)"",""role"":""explanatory_only"",""version"":""potassium_all_absolute""}],""potassium_all_ratio"":[{""allocation_weight"":1.0,""attribute"":""unsaturated_to_saturated_fat_ratio"",""channel"":""LIPID"",""component_policy"":""denominator_component"",""nutrient"":""Fatty acids, total saturated (g)"",""role"":""effect"",""version"":""potassium_all_ratio""},{""allocation_weight"":0.0,""attribute"":""unsaturated_to_saturated_fat_ratio"",""channel"":""LIPID"",""component_policy"":""gate_input"",""nutrient"":""Total Fat (g)"",""role"":""applicability_only"",""version"":""potassium_all_ratio""},{""allocation_weight"":0.0,""attribute"":""unsaturated_to_saturated_fat_ratio"",""channel"":""LIPID"",""component_policy"":""denominator_subcomponent"",""nutrient"":""4:0 (g)"",""role"":""explanatory_only"",""version"":""potassium_all_ratio""},{""allocation_weight"":0.0,""attribute"":""unsaturated_to_saturated_fat_ratio"",""channel"":""LIPID"",""component_policy"":""denominator_subcomponent"",""nutrient"":""6:0 (g)"",""role"":""explanatory_only"",""version"":""potassium_all_ratio""},{""allocation_weight"":0.0,""attribute"":""unsaturated_to_saturated_fat_ratio"",""channel"":""LIPID"",""component_policy"":""denominator_subcomponent"",""nutrient"":""14:0 (g)"",""role"":""explanatory_only"",""version"":""potassium_all_ratio""},{""allocation_weight"":0.0,""attribute"":""unsaturated_to_saturated_fat_ratio"",""channel"":""LIPID"",""component_policy"":""denominator_subcomponent"",""nutrient"":""16:0 (g)"",""role"":""explanatory_only"",""version"":""potassium_all_ratio""},{""allocation_weight"":0.0,""attribute"":""unsaturated_to_saturated_fat_ratio"",""channel"":""LIPID"",""component_policy"":""denominator_subcomponent"",""nutrient"":""18:0 (g)"",""role"":""explanatory_only"",""version"":""potassium_all_ratio""}]}"
fiber_to_carbohydrate_ratio,fiber_to_carbohydrate_ratio,nutrient_ratios,log_ratio,-7.02,-0.78,-10,10,ratio,1.0,true,,,,[],"[{""allocation_weight"":0.5,""attribute"":""fiber_to_carbohydrate_ratio"",""channel"":""MAC"",""component_policy"":""numerator_component"",""nutrient"":""Fiber, total dietary (g)"",""role"":""effect"",""version"":""expert_reviewed_attribute_mapping_v1""},{""allocation_weight"":0.0,""attribute"":""fiber_to_carbohydrate_ratio"",""channel"":""EXCLUDED"",""component_policy"":""denominator_component"",""nutrient"":""Carbohydrate (g)"",""role"":""sensitivity_proxy_only"",""version"":""expert_reviewed_attribute_mapping_v1""}]","{""carbohydrate_proxy"":[{""allocation_weight"":0.5,""attribute"":""fiber_to_carbohydrate_ratio"",""channel"":""MAC"",""component_policy"":""numerator_component"",""nutrient"":""Fiber, total dietary (g)"",""role"":""effect"",""version"":""carbohydrate_proxy""},{""allocation_weight"":1.0,""attribute"":""fiber_to_carbohydrate_ratio"",""channel"":""MAC"",""component_policy"":""denominator_component"",""nutrient"":""Carbohydrate (g)"",""role"":""effect"",""version"":""carbohydrate_proxy""}],""fiber_all_absolute"":[{""allocation_weight"":0.0,""attribute"":""fiber_to_carbohydrate_ratio"",""channel"":""EXCLUDED"",""component_policy"":""denominator_component"",""nutrient"":""Carbohydrate (g)"",""role"":""sensitivity_proxy_only"",""version"":""fiber_all_absolute""}],""fiber_all_ratio"":[{""allocation_weight"":1.0,""attribute"":""fiber_to_carbohydrate_ratio"",""channel"":""MAC"",""component_policy"":""numerator_component"",""nutrient"":""Fiber, total dietary (g)"",""role"":""effect"",""version"":""fiber_all_ratio""},{""allocation_weight"":0.0,""attribute"":""fiber_to_carbohydrate_ratio"",""channel"":""EXCLUDED"",""component_policy"":""denominator_component"",""nutrient"":""Carbohydrate (g)"",""role"":""sensitivity_proxy_only"",""version"":""fiber_all_ratio""}],""potassium_all_absolute"":[{""allocation_weight"":0.5,""attribute"":""fiber_to_carbohydrate_ratio"",""channel"":""MAC"",""component_policy"":""numerator_component"",""nutrient"":""Fiber, total dietary (g)"",""role"":""effect"",""version"":""potassium_all_absolute""},{""allocation_weight"":0.0,""attribute"":""fiber_to_carbohydrate_ratio"",""channel"":""EXCLUDED"",""component_policy"":""denominator_component"",""nutrient"":""Carbohydrate (g)"",""role"":""sensitivity_proxy_only"",""version"":""potassium_all_absolute""}],""potassium_all_ratio"":[{""allocation_weight"":0.5,""attribute"":""fiber_to_carbohydrate_ratio"",""channel"":""MAC"",""component_policy"":""numerator_component"",""nutrient"":""Fiber, total dietary (g)"",""role"":""effect"",""version"":""potassium_all_ratio""},{""allocation_weight"":0.0,""attribute"":""fiber_to_carbohydrate_ratio"",""channel"":""EXCLUDED"",""component_policy"":""denominator_component"",""nutrient"":""Carbohydrate (g)"",""role"":""sensitivity_proxy_only"",""version"":""potassium_all_ratio""}]}"
potassium_to_sodium_ratio,potassium_to_sodium_ratio,nutrient_ratios,log_ratio,-2.02,3.3,-10,10,ratio,1.0,true,,,,[],"[{""allocation_weight"":0.5,""attribute"":""potassium_to_sodium_ratio"",""channel"":""MAC"",""component_policy"":""numerator_component"",""nutrient"":""Potassium (mg)"",""role"":""effect"",""version"":""expert_reviewed_attribute_mapping_v1""}]","{""carbohydrate_proxy"":[{""allocation_weight"":0.5,""attribute"":""potassium_to_sodium_ratio"",""channel"":""MAC"",""component_policy"":""numerator_component"",""nutrient"":""Potassium (mg)"",""role"":""effect"",""version"":""carbohydrate_proxy""}],""fiber_all_absolute"":[{""allocation_weight"":0.5,""attribute"":""potassium_to_sodium_ratio"",""channel"":""MAC"",""component_policy"":""numerator_component"",""nutrient"":""Potassium (mg)"",""role"":""effect"",""version"":""fiber_all_absolute""}],""fiber_all_ratio"":[{""allocation_weight"":0.5,""attribute"":""potassium_to_sodium_ratio"",""channel"":""MAC"",""component_policy"":""numerator_component"",""nutrient"":""Potassium (mg)"",""role"":""effect"",""version"":""fiber_all_ratio""}],""potassium_all_ratio"":[{""allocation_weight"":1.0,""attribute"":""potassium_to_sodium_ratio"",""channel"":""MAC"",""component_policy"":""numerator_component"",""nutrient"":""Potassium (mg)"",""role"":""effect"",""version"":""potassium_all_ratio""}]}"
vitamin_a_rae,vitamin_a_rae,vitamins,linear,0,225,0,10,ug RAE,1.0,true,,,,[],"[{""allocation_weight"":1.0,""attribute"":""vitamin_a_rae"",""channel"":""LIPID"",""component_policy"":""component_fraction"",""nutrient"":""Retinol (mcg)"",""role"":""effect"",""version"":""expert_reviewed_attribute_mapping_v1""},{""allocation_weight"":0.0,""attribute"":""vitamin_a_rae"",""channel"":""EXCLUDED"",""component_policy"":""component_total_only"",""nutrient"":""Vitamin A, RAE (mcg_RAE)"",""role"":""excluded"",""version"":""expert_reviewed_attribute_mapping_v1""}]","{""carbohydrate_proxy"":[{""allocation_weight"":1.0,""attribute"":""vitamin_a_rae"",""channel"":""LIPID"",""component_policy"":""component_fraction"",""nutrient"":""Retinol (mcg)"",""role"":""effect"",""version"":""carbohydrate_proxy""},{""allocation_weight"":0.0,""attribute"":""vitamin_a_rae"",""channel"":""EXCLUDED"",""component_policy"":""component_total_only"",""nutrient"":""Vitamin A, RAE (mcg_RAE)"",""role"":""excluded"",""version"":""carbohydrate_proxy""}],""fiber_all_absolute"":[{""allocation_weight"":1.0,""attribute"":""vitamin_a_rae"",""channel"":""LIPID"",""component_policy"":""component_fraction"",""nutrient"":""Retinol (mcg)"",""role"":""effect"",""version"":""fiber_all_absolute""},{""allocation_weight"":0.0,""attribute"":""vitamin_a_rae"",""channel"":""EXCLUDED"",""component_policy"":""component_total_only"",""nutrient"":""Vitamin A, RAE (mcg_RAE)"",""role"":""excluded"",""version"":""fiber_all_absolute""}],""fiber_all_ratio"":[{""allocation_weight"":1.0,""attribute"":""vitamin_a_rae"",""channel"":""LIPID"",""component_policy"":""component_fraction"",""nutrient"":""Retinol (mcg)"",""role"":""effect"",""version"":""fiber_all_ratio""},{""allocation_weight"":0.0,""attribute"":""vitamin_a_rae"",""channel"":""EXCLUDED"",""component_policy"":""component_total_only"",""nutrient"":""Vitamin A, RAE (mcg_RAE)"",""role"":""excluded"",""version"":""fiber_all_ratio""}],""potassium_all_absolute"":[{""allocation_weight"":1.0,""attribute"":""vitamin_a_rae"",""channel"":""LIPID"",""component_policy"":""component_fraction"",""nutrient"":""Retinol (mcg)"",""role"":""effect"",""version"":""potassium_all_absolute""},{""allocation_weight"":0.0,""attribute"":""vitamin_a_rae"",""channel"":""EXCLUDED"",""component_policy"":""component_total_only"",""nutrient"":""Vitamin A, RAE (mcg_RAE)"",""role"":""excluded"",""version"":""potassium_all_absolute""}],""potassium_all_ratio"":[{""allocation_weight"":1.0,""attribute"":""vitamin_a_rae"",""channel"":""LIPID"",""component_policy"":""component_fraction"",""nutrient"":""Retinol (mcg)"",""role"":""effect"",""version"":""potassium_all_ratio""},{""allocation_weight"":0.0,""attribute"":""vitamin_a_rae"",""channel"":""EXCLUDED"",""component_policy"":""component_total_only"",""nutrient"":""Vitamin A, RAE (mcg_RAE)"",""role"":""excluded"",""version"":""potassium_all_ratio""}]}"
thiamin_b1,thiamin_b1,vitamins,linear,0,0.3,0,10,mg,1.0,true,,,,[],[],{}
riboflavin_b2,riboflavin_b2,vitamins,linear,0,0.325,0,10,mg,1.0,true,,,,[],[],{}
niacin_b3,niacin_b3,vitamins,linear,0,4,0,10,mg,1.0,true,,,,[],[],{}
vitamin_b6,vitamin_b6,vitamins,linear,0,0.325,0,10,mg,1.0,true,,,,[],[],{}
folate_dfe_b9,folate_dfe_b9,vitamins,linear,0,100,0,10,ug DFE,1.0,true,,,,[],"[{""allocation_weight"":1.0,""attribute"":""folate_dfe_b9"",""channel"":""MAC"",""component_policy"":""component_fraction"",""nutrient"":""Folate, food (mcg)"",""role"":""effect"",""version"":""expert_reviewed_attribute_mapping_v1""}]","{""carbohydrate_proxy"":[{""allocation_weight"":1.0,""attribute"":""folate_dfe_b9"",""channel"":""MAC"",""component_policy"":""component_fraction"",""nutrient"":""Folate, food (mcg)"",""role"":""effect"",""version"":""carbohydrate_proxy""}],""fiber_all_absolute"":[{""allocation_weight"":1.0,""attribute"":""folate_dfe_b9"",""channel"":""MAC"",""component_policy"":""component_fraction"",""nutrient"":""Folate, food (mcg)"",""role"":""effect"",""version"":""fiber_all_absolute""}],""fiber_all_ratio"":[{""allocation_weight"":1.0,""attribute"":""folate_dfe_b9"",""channel"":""MAC"",""component_policy"":""component_fraction"",""nutrient"":""Folate, food (mcg)"",""role"":""effect"",""version"":""fiber_all_ratio""}],""potassium_all_absolute"":[{""allocation_weight"":1.0,""attribute"":""folate_dfe_b9"",""channel"":""MAC"",""component_policy"":""component_fraction"",""nutrient"":""Folate, food (mcg)"",""role"":""effect"",""version"":""potassium_all_absolute""}],""potassium_all_ratio"":[{""allocation_weight"":1.0,""attribute"":""folate_dfe_b9"",""channel"":""MAC"",""component_policy"":""component_fraction"",""nutrient"":""Folate, food (mcg)"",""role"":""effect"",""version"":""potassium_all_ratio""}]}"
cobalamin_b12,cobalamin_b12,vitamins,linear,0,0.6,0,10,ug,1.0,true,,,,[],"[{""allocation_weight"":1.0,""attribute"":""cobalamin_b12"",""channel"":""LIPID"",""component_policy"":""direct"",""nutrient"":""Vitamin B-12 (mcg)"",""role"":""effect"",""version"":""expert_reviewed_attribute_mapping_v1""}]","{""carbohydrate_proxy"":[{""allocation_weight"":1.0,""attribute"":""cobalamin_b12"",""channel"":""LIPID"",""component_policy"":""direct"",""nutrient"":""Vitamin B-12 (mcg)"",""role"":""effect"",""version"":""carbohydrate_proxy""}],""fiber_all_absolute"":[{""allocation_weight"":1.0,""attribute"":""cobalamin_b12"",""channel"":""LIPID"",""component_policy"":""direct"",""nutrient"":""Vitamin B-12 (mcg)"",""role"":""effect"",""version"":""fiber_all_absolute""}],""fiber_all_ratio"":[{""allocation_weight"":1.0,""attribute"":""cobalamin_b12"",""channel"":""LIPID"",""component_policy"":""direct"",""nutrient"":""Vitamin B-12 (mcg)"",""role"":""effect"",""version"":""fiber_all_ratio""}],""potassium_all_absolute"":[{""allocation_weight"":1.0,""attribute"":""cobalamin_b12"",""channel"":""LIPID"",""component_policy"":""direct"",""nutrient"":""Vitamin B-12 (mcg)"",""role"":""effect"",""version"":""potassium_all_absolute""}],""potassium_all_ratio"":[{""allocation_weight"":1.0,""attribute"":""cobalamin_b12"",""channel"":""LIPID"",""component_policy"":""direct"",""nutrient"":""Vitamin B-12 (mcg)"",""role"":""effect"",""version"":""potassium_all_ratio""}]}"
vitamin_c,vitamin_c,vitamins,linear,0,22.5,0,10,mg,1.0,true,,,,[],"[{""allocation_weight"":1.0,""attribute"":""vitamin_c"",""channel"":""MAC"",""component_policy"":""direct"",""nutrient"":""Vitamin C (mg)"",""role"":""effect"",""version"":""expert_reviewed_attribute_mapping_v1""}]","{""carbohydrate_proxy"":[{""allocation_weight"":1.0,""attribute"":""vitamin_c"",""channel"":""MAC"",""component_policy"":""direct"",""nutrient"":""Vitamin C (mg)"",""role"":""effect"",""version"":""carbohydrate_proxy""}],""fiber_all_absolute"":[{""allocation_weight"":1.0,""attribute"":""vitamin_c"",""channel"":""MAC"",""component_policy"":""direct"",""nutrient"":""Vitamin C (mg)"",""role"":""effect"",""version"":""fiber_all_absolute""}],""fiber_all_ratio"":[{""allocation_weight"":1.0,""attribute"":""vitamin_c"",""channel"":""MAC"",""component_policy"":""direct"",""nutrient"":""Vitamin C (mg)"",""role"":""effect"",""version"":""fiber_all_ratio""}],""potassium_all_absolute"":[{""allocation_weight"":1.0,""attribute"":""vitamin_c"",""channel"":""MAC"",""component_policy"":""direct"",""nutrient"":""Vitamin C (mg)"",""role"":""effect"",""version"":""potassium_all_absolute""}],""potassium_all_ratio"":[{""allocation_weight"":1.0,""attribute"":""vitamin_c"",""channel"":""MAC"",""component_policy"":""direct"",""nutrient"":""Vitamin C (mg)"",""role"":""effect"",""version"":""potassium_all_ratio""}]}"
vitamin_d_d2_plus_d3,vitamin_d_d2_plus_d3,vitamins,linear,0,3.75,0,10,ug,1.0,true,,,,[],[],{}
vitamin_e_alpha_tocopherol,vitamin_e_alpha_tocopherol,vitamins,linear,0,3.75,0,10,mg,1.0,true,,,,[],"[{""allocation_weight"":1.0,""attribute"":""vitamin_e_alpha_tocopherol"",""channel"":""MAC"",""component_policy"":""direct"",""nutrient"":""Vitamin E (alpha-tocopherol) (mg)"",""role"":""effect"",""version"":""expert_reviewed_attribute_mapping_v1""}]","{""carbohydrate_proxy"":[{""allocation_weight"":1.0,""attribute"":""vitamin_e_alpha_tocopherol"",""channel"":""MAC"",""component_policy"":""direct"",""nutrient"":""Vitamin E (alpha-tocopherol) (mg)"",""role"":""effect"",""version"":""carbohydrate_proxy""}],""fiber_all_absolute"":[{""allocation_weight"":1.0,""attribute"":""vitamin_e_alpha_tocopherol"",""channel"":""MAC"",""component_policy"":""direct"",""nutrient"":""Vitamin E (alpha-tocopherol) (mg)"",""role"":""effect"",""version"":""fiber_all_absolute""}],""fiber_all_ratio"":[{""allocation_weight"":1.0,""attribute"":""vitamin_e_alpha_tocopherol"",""channel"":""MAC"",""component_policy"":""direct"",""nutrient"":""Vitamin E (alpha-tocopherol) (mg)"",""role"":""effect"",""version"":""fiber_all_ratio""}],""potassium_all_absolute"":[{""allocation_weight"":1.0,""attribute"":""vitamin_e_alpha_tocopherol"",""channel"":""MAC"",""component_policy"":""direct"",""nutrient"":""Vitamin E (alpha-tocopherol) (mg)"",""role"":""effect"",""version"":""potassium_all_absolute""}],""potassium_all_ratio"":[{""allocation_weight"":1.0,""attribute"":""vitamin_e_alpha_tocopherol"",""channel"":""MAC"",""component_policy"":""direct"",""nutrient"":""Vitamin E (alpha-tocopherol) (mg)"",""role"":""effect"",""version"":""potassium_all_ratio""}]}"
vitamin_k_phylloquinone,vitamin_k_phylloquinone,vitamins,linear,0,30,0,10,ug,1.0,true,,,,[],"[{""allocation_weight"":1.0,""attribute"":""vitamin_k_phylloquinone"",""channel"":""MAC"",""component_policy"":""direct"",""nutrient"":""Vitamin K (phylloquinone) (mcg)"",""role"":""effect"",""version"":""expert_reviewed_attribute_mapping_v1""}]","{""carbohydrate_proxy"":[{""allocation_weight"":1.0,""attribute"":""vitamin_k_phylloquinone"",""channel"":""MAC"",""component_policy"":""direct"",""nutrient"":""Vitamin K (phylloquinone) (mcg)"",""role"":""effect"",""version"":""carbohydrate_proxy""}],""fiber_all_absolute"":[{""allocation_weight"":1.0,""attribute"":""vitamin_k_phylloquinone"",""channel"":""MAC"",""component_policy"":""direct"",""nutrient"":""Vitamin K (phylloquinone) (mcg)"",""role"":""effect"",""version"":""fiber_all_absolute""}],""fiber_all_ratio"":[{""allocation_weight"":1.0,""attribute"":""vitamin_k_phylloquinone"",""channel"":""MAC"",""component_policy"":""direct"",""nutrient"":""Vitamin K (phylloquinone) (mcg)"",""role"":""effect"",""version"":""fiber_all_ratio""}],""potassium_all_absolute"":[{""allocation_weight"":1.0,""attribute"":""vitamin_k_phylloquinone"",""channel"":""MAC"",""component_policy"":""direct"",""nutrient"":""Vitamin K (phylloquinone) (mcg)"",""role"":""effect"",""version"":""potassium_all_absolute""}],""potassium_all_ratio"":[{""allocation_weight"":1.0,""attribute"":""vitamin_k_phylloquinone"",""channel"":""MAC"",""component_policy"":""direct"",""nutrient"":""Vitamin K (phylloquinone) (mcg)"",""role"":""effect"",""version"":""potassium_all_ratio""}]}"
choline_total,choline_total,vitamins,linear,0,137.5,0,10,mg,1.0,true,,,,[],"[{""allocation_weight"":1.0,""attribute"":""choline_total"",""channel"":""LIPID"",""component_policy"":""direct"",""nutrient"":""Choline, total (mg)"",""role"":""effect"",""version"":""expert_reviewed_attribute_mapping_v1""}]","{""carbohydrate_proxy"":[{""allocation_weight"":1.0,""attribute"":""choline_total"",""channel"":""LIPID"",""component_policy"":""direct"",""nutrient"":""Choline, total (mg)"",""role"":""effect"",""version"":""carbohydrate_proxy""}],""fiber_all_absolute"":[{""allocation_weight"":1.0,""attribute"":""choline_total"",""channel"":""LIPID"",""component_policy"":""direct"",""nutrient"":""Choline, total (mg)"",""role"":""effect"",""version"":""fiber_all_absolute""}],""fiber_all_ratio"":[{""allocation_weight"":1.0,""attribute"":""choline_total"",""channel"":""LIPID"",""component_policy"":""direct"",""nutrient"":""Choline, total (mg)"",""role"":""effect"",""version"":""fiber_all_ratio""}],""potassium_all_absolute"":[{""allocation_weight"":1.0,""attribute"":""choline_total"",""channel"":""LIPID"",""component_policy"":""direct"",""nutrient"":""Choline, total (mg)"",""role"":""effect"",""version"":""potassium_all_absolute""}],""potassium_all_ratio"":[{""allocation_weight"":1.0,""attribute"":""choline_total"",""channel"":""LIPID"",""component_policy"":""direct"",""nutrient"":""Choline, total (mg)"",""role"":""effect"",""version"":""potassium_all_ratio""}]}"
calcium,calcium,minerals,linear,0,250,0,10,mg,1.0,true,,,,[],[],{}
phosphorus,phosphorus,minerals,linear,0,175,0,10,mg,1.0,true,,,,[],[],{}
magnesium,magnesium,minerals,linear,0,105,0,10,mg,1.0,true,,,,[],"[{""allocation_weight"":1.0,""attribute"":""magnesium"",""channel"":""MAC"",""component_policy"":""direct"",""nutrient"":""Magnesium (mg)"",""role"":""effect"",""version"":""expert_reviewed_attribute_mapping_v1""}]","{""carbohydrate_proxy"":[{""allocation_weight"":1.0,""attribute"":""magnesium"",""channel"":""MAC"",""component_policy"":""direct"",""nutrient"":""Magnesium (mg)"",""role"":""effect"",""version"":""carbohydrate_proxy""}],""fiber_all_absolute"":[{""allocation_weight"":1.0,""attribute"":""magnesium"",""channel"":""MAC"",""component_policy"":""direct"",""nutrient"":""Magnesium (mg)"",""role"":""effect"",""version"":""fiber_all_absolute""}],""fiber_all_ratio"":[{""allocation_weight"":1.0,""attribute"":""magnesium"",""channel"":""MAC"",""component_policy"":""direct"",""nutrient"":""Magnesium (mg)"",""role"":""effect"",""version"":""fiber_all_ratio""}],""potassium_all_absolute"":[{""allocation_weight"":1.0,""attribute"":""magnesium"",""channel"":""MAC"",""component_policy"":""direct"",""nutrient"":""Magnesium (mg)"",""role"":""effect"",""version"":""potassium_all_absolute""}],""potassium_all_ratio"":[{""allocation_weight"":1.0,""attribute"":""magnesium"",""channel"":""MAC"",""component_policy"":""direct"",""nutrient"":""Magnesium (mg)"",""role"":""effect"",""version"":""potassium_all_ratio""}]}"
iron,iron,minerals,linear,0,4.5,0,10,mg,1.0,true,,,,[],[],{}
zinc,zinc,minerals,linear,0,2.75,0,10,mg,1.0,true,,,,[],"[{""allocation_weight"":0.0,""attribute"":""zinc"",""channel"":""EXCLUDED"",""component_policy"":""no_calibration"",""nutrient"":""Zinc (mg)"",""role"":""excluded"",""version"":""expert_reviewed_attribute_mapping_v1""}]","{""carbohydrate_proxy"":[{""allocation_weight"":0.0,""attribute"":""zinc"",""channel"":""EXCLUDED"",""component_policy"":""no_calibration"",""nutrient"":""Zinc (mg)"",""role"":""excluded"",""version"":""carbohydrate_proxy""}],""fiber_all_absolute"":[{""allocation_weight"":0.0,""attribute"":""zinc"",""channel"":""EXCLUDED"",""component_policy"":""no_calibration"",""nutrient"":""Zinc (mg)"",""role"":""excluded"",""version"":""fiber_all_absolute""}],""fiber_all_ratio"":[{""allocation_weight"":0.0,""attribute"":""zinc"",""channel"":""EXCLUDED"",""component_policy"":""no_calibration"",""nutrient"":""Zinc (mg)"",""role"":""excluded"",""version"":""fiber_all_ratio""}],""potassium_all_absolute"":[{""allocation_weight"":0.0,""attribute"":""zinc"",""channel"":""EXCLUDED"",""component_policy"":""no_calibration"",""nutrient"":""Zinc (mg)"",""role"":""excluded"",""version"":""potassium_all_absolute""}],""potassium_all_ratio"":[{""allocation_weight"":0.0,""attribute"":""zinc"",""channel"":""EXCLUDED"",""component_policy"":""no_calibration"",""nutrient"":""Zinc (mg)"",""role"":""excluded"",""version"":""potassium_all_ratio""}]}"
copper,copper,minerals,linear,0,0.225,0,10,mg,1.0,true,,,,[],"[{""allocation_weight"":0.0,""attribute"":""copper"",""channel"":""EXCLUDED"",""component_policy"":""no_calibration"",""nutrient"":""Copper (mg)"",""role"":""excluded"",""version"":""expert_reviewed_attribute_mapping_v1""}]","{""carbohydrate_proxy"":[{""allocation_weight"":0.0,""attribute"":""copper"",""channel"":""EXCLUDED"",""component_policy"":""no_calibration"",""nutrient"":""Copper (mg)"",""role"":""excluded"",""version"":""carbohydrate_proxy""}],""fiber_all_absolute"":[{""allocation_weight"":0.0,""attribute"":""copper"",""channel"":""EXCLUDED"",""component_policy"":""no_calibration"",""nutrient"":""Copper (mg)"",""role"":""excluded"",""version"":""fiber_all_absolute""}],""fiber_all_ratio"":[{""allocation_weight"":0.0,""attribute"":""copper"",""channel"":""EXCLUDED"",""component_policy"":""no_calibration"",""nutrient"":""Copper (mg)"",""role"":""excluded"",""version"":""fiber_all_ratio""}],""potassium_all_absolute"":[{""allocation_weight"":0.0,""attribute"":""copper"",""channel"":""EXCLUDED"",""component_policy"":""no_calibration"",""nutrient"":""Copper (mg)"",""role"":""excluded"",""version"":""potassium_all_absolute""}],""potassium_all_ratio"":[{""allocation_weight"":0.0,""attribute"":""copper"",""channel"":""EXCLUDED"",""component_policy"":""no_calibration"",""nutrient"":""Copper (mg)"",""role"":""excluded"",""version"":""potassium_all_ratio""}]}"
selenium,selenium,minerals,linear,0,13.75,0,10,ug,1.0,true,,,,[],[],{}
sodium,sodium,minerals,linear,575,0,-10,0,mg,1.0,true,,,,[],[],{}
potassium,potassium,minerals,linear,0,1175,0,10,mg,1.0,true,,,,[],"[{""allocation_weight"":0.5,""attribute"":""potassium"",""channel"":""MAC"",""component_policy"":""direct"",""nutrient"":""Potassium (mg)"",""role"":""effect"",""version"":""expert_reviewed_attribute_mapping_v1""}]","{""carbohydrate_proxy"":[{""allocation_weight"":0.5,""attribute"":""potassium"",""channel"":""MAC"",""component_policy"":""direct"",""nutrient"":""Potassium (mg)"",""role"":""effect"",""version"":""carbohydrate_proxy""}],""fiber_all_absolute"":[{""allocation_weight"":0.5,""attribute"":""potassium"",""channel"":""MAC"",""component_policy"":""direct"",""nutrient"":""Potassium (mg)"",""role"":""effect"",""version"":""fiber_all_absolute""}],""fiber_all_ratio"":[{""allocation_weight"":0.5,""attribute"":""potassium"",""channel"":""MAC"",""component_policy"":""direct"",""nutrient"":""Potassium (mg)"",""role"":""effect"",""version"":""fiber_all_ratio""}],""potassium_all_absolute"":[{""allocation_weight"":1.0,""attribute"":""potassium"",""channel"":""MAC"",""component_policy"":""direct"",""nutrient"":""Potassium (mg)"",""role"":""effect"",""version"":""potassium_all_absolute""}]}"
iodine,iodine,minerals,linear,0,37.5,0,10,ug,1.0,false,"Excluded from the reported FCS2 USDA analysis because it was unavailable in FNDDS, FPED, and the flavonoid database (Table S9 footnote).",,,[],[],{}
fruits,fruits,food_ingredients,linear,0,1.75,0,10,cups,1.0,true,,,,[],[],{}
fruits_dried,fruits,food_ingredients,linear,0,0.75,0,10,cups,1.0,true,,,,[],[],{}
vegetables_non_starchy,vegetables_non_starchy,food_ingredients,linear,0,4.77,0,10,cups,1.0,true,,,,[],[],{}
vegetables_non_starchy_dried,vegetables_non_starchy,food_ingredients,linear,0,4.18,0,10,cups,1.0,true,,,,[],[],{}
beans_and_legumes,beans_and_legumes,food_ingredients,linear,0,0.5,0,10,cups,1.0,true,,,,[],[],{}
whole_grains,whole_grains,food_ingredients,linear,0,1.12,0,10,oz,1.0,true,,,,[],[],{}
nuts_and_seeds,nuts_and_seeds,food_ingredients,linear,0,1.35,0,10,oz,1.0,true,,,,[],[],{}
seafood,seafood,food_ingredients,linear,0,3.86,0,10,oz,1.0,true,,,,[],[],{}
yogurt,yogurt,food_ingredients,linear,0,0.81,0,10,cups,1.0,true,,,,[],[],{}
plant_oils,plant_oils,food_ingredients,linear,0,11.31,0,10,g,1.0,true,,,,[],[],{}
refined_carbohydrates,refined_carbohydrates,food_ingredients,linear,1.36,0,-10,0,oz,1.0,true,,,,[],[],{}
red_or_processed_meat,red_or_processed_meat,food_ingredients,linear,2.69,0,-10,0,oz,1.0,true,,,,[],[],{}
added_sugar_percent_calories,added_sugar_percent_calories,additives,added_sugar,60,0,-10,0,% calories,1.0,true,,,,[],[],{}
nitrites_percent_calories_from_processed_meat,nitrites_percent_calories_from_processed_meat,additives,nitrites,25,0,-10,0,% calories,1.0,true,,"Table S10 lists 25% calories from processed meats as the low target, but the Table S10 additive footnote specifies 50%; no threshold is selected.",footnote_50,"[{""low_target"":50.0,""version"":""footnote_50""},{""low_target"":25.0,""version"":""table_25""}]",[],{}
artificial_sweeteners_flavors_or_colors,artificial_sweeteners_flavors_or_colors,additives,binary,,,-1,0,present,1.0,true,,,,[],[],{}
partially_hydrogenated_oils,partially_hydrogenated_oils,additives,binary,,,-1,0,present,1.0,true,,,,[],[],{}
interesterified_or_hydrogenated_oils,interesterified_or_hydrogenated_oils,additives,binary,,,-1,0,present,1.0,true,,,,[],[],{}
high_fructose_corn_syrup,high_fructose_corn_syrup,additives,binary,,,-1,0,present,1.0,true,,,,[],[],{}
monosodium_glutamate,monosodium_glutamate,additives,binary,,,-1,0,present,1.0,true,,,,[],[],{}
nova_processing_level,nova_processing_level,processing,nova,4,1,-10,10,NOVA class,1.0,true,,,,[],[],{}
fermentation_percent_calories,fermentation_percent_calories,processing,linear,0,50,0,10,% calories,0.5,true,,,,[],[],{}
frying,frying,processing,binary,,,-10,0,present,0.5,true,,,,[],[],{}
cholesterol,cholesterol,specific_lipids,linear,75,0,-10,0,mg,0.5,true,,,,[],"[{""allocation_weight"":1.0,""attribute"":""cholesterol"",""channel"":""LIPID"",""component_policy"":""direct"",""nutrient"":""Cholesterol (mg)"",""role"":""effect"",""version"":""expert_reviewed_attribute_mapping_v1""}]","{""carbohydrate_proxy"":[{""allocation_weight"":1.0,""attribute"":""cholesterol"",""channel"":""LIPID"",""component_policy"":""direct"",""nutrient"":""Cholesterol (mg)"",""role"":""effect"",""version"":""carbohydrate_proxy""}],""fiber_all_absolute"":[{""allocation_weight"":1.0,""attribute"":""cholesterol"",""channel"":""LIPID"",""component_policy"":""direct"",""nutrient"":""Cholesterol (mg)"",""role"":""effect"",""version"":""fiber_all_absolute""}],""fiber_all_ratio"":[{""allocation_weight"":1.0,""attribute"":""cholesterol"",""channel"":""LIPID"",""component_policy"":""direct"",""nutrient"":""Cholesterol (mg)"",""role"":""effect"",""version"":""fiber_all_ratio""}],""potassium_all_absolute"":[{""allocation_weight"":1.0,""attribute"":""cholesterol"",""channel"":""LIPID"",""component_policy"":""direct"",""nutrient"":""Cholesterol (mg)"",""role"":""effect"",""version"":""potassium_all_absolute""}],""potassium_all_ratio"":[{""allocation_weight"":1.0,""attribute"":""cholesterol"",""channel"":""LIPID"",""component_policy"":""direct"",""nutrient"":""Cholesterol (mg)"",""role"":""effect"",""version"":""potassium_all_ratio""}]}"
medium_chain_fatty_acids,medium_chain_fatty_acids,specific_lipids,linear,0,0.32,0,10,g,0.5,true,,,,[],"[{""allocation_weight"":1.0,""attribute"":""medium_chain_fatty_acids"",""channel"":""LIPID"",""component_policy"":""composite_component"",""nutrient"":""8:0 (g)"",""role"":""effect"",""version"":""expert_reviewed_attribute_mapping_v1""},{""allocation_weight"":1.0,""attribute"":""medium_chain_fatty_acids"",""channel"":""LIPID"",""component_policy"":""composite_component"",""nutrient"":""10:0 (g)"",""role"":""effect"",""version"":""expert_reviewed_attribute_mapping_v1""},{""allocation_weight"":1.0,""attribute"":""medium_chain_fatty_acids"",""channel"":""LIPID"",""component_policy"":""composite_component"",""nutrient"":""12:0 (g)"",""role"":""effect"",""version"":""expert_reviewed_attribute_mapping_v1""}]","{""carbohydrate_proxy"":[{""allocation_weight"":1.0,""attribute"":""medium_chain_fatty_acids"",""channel"":""LIPID"",""component_policy"":""composite_component"",""nutrient"":""8:0 (g)"",""role"":""effect"",""version"":""carbohydrate_proxy""},{""allocation_weight"":1.0,""attribute"":""medium_chain_fatty_acids"",""channel"":""LIPID"",""component_policy"":""composite_component"",""nutrient"":""10:0 (g)"",""role"":""effect"",""version"":""carbohydrate_proxy""},{""allocation_weight"":1.0,""attribute"":""medium_chain_fatty_acids"",""channel"":""LIPID"",""component_policy"":""composite_component"",""nutrient"":""12:0 (g)"",""role"":""effect"",""version"":""carbohydrate_proxy""}],""fiber_all_absolute"":[{""allocation_weight"":1.0,""attribute"":""medium_chain_fatty_acids"",""channel"":""LIPID"",""component_policy"":""composite_component"",""nutrient"":""8:0 (g)"",""role"":""effect"",""version"":""fiber_all_absolute""},{""allocation_weight"":1.0,""attribute"":""medium_chain_fatty_acids"",""channel"":""LIPID"",""component_policy"":""composite_component"",""nutrient"":""10:0 (g)"",""role"":""effect"",""version"":""fiber_all_absolute""},{""allocation_weight"":1.0,""attribute"":""medium_chain_fatty_acids"",""channel"":""LIPID"",""component_policy"":""composite_component"",""nutrient"":""12:0 (g)"",""role"":""effect"",""version"":""fiber_all_absolute""}],""fiber_all_ratio"":[{""allocation_weight"":1.0,""attribute"":""medium_chain_fatty_acids"",""channel"":""LIPID"",""component_policy"":""composite_component"",""nutrient"":""8:0 (g)"",""role"":""effect"",""version"":""fiber_all_ratio""},{""allocation_weight"":1.0,""attribute"":""medium_chain_fatty_acids"",""channel"":""LIPID"",""component_policy"":""composite_component"",""nutrient"":""10:0 (g)"",""role"":""effect"",""version"":""fiber_all_ratio""},{""allocation_weight"":1.0,""attribute"":""medium_chain_fatty_acids"",""channel"":""LIPID"",""component_policy"":""composite_component"",""nutrient"":""12:0 (g)"",""role"":""effect"",""version"":""fiber_all_ratio""}],""potassium_all_absolute"":[{""allocation_weight"":1.0,""attribute"":""medium_chain_fatty_acids"",""channel"":""LIPID"",""component_policy"":""composite_component"",""nutrient"":""8:0 (g)"",""role"":""effect"",""version"":""potassium_all_absolute""},{""allocation_weight"":1.0,""attribute"":""medium_chain_fatty_acids"",""channel"":""LIPID"",""component_policy"":""composite_component"",""nutrient"":""10:0 (g)"",""role"":""effect"",""version"":""potassium_all_absolute""},{""allocation_weight"":1.0,""attribute"":""medium_chain_fatty_acids"",""channel"":""LIPID"",""component_policy"":""composite_component"",""nutrient"":""12:0 (g)"",""role"":""effect"",""version"":""potassium_all_absolute""}],""potassium_all_ratio"":[{""allocation_weight"":1.0,""attribute"":""medium_chain_fatty_acids"",""channel"":""LIPID"",""component_policy"":""composite_component"",""nutrient"":""8:0 (g)"",""role"":""effect"",""version"":""potassium_all_ratio""},{""allocation_weight"":1.0,""attribute"":""medium_chain_fatty_acids"",""channel"":""LIPID"",""component_policy"":""composite_component"",""nutrient"":""10:0 (g)"",""role"":""effect"",""version"":""potassium_all_ratio""},{""allocation_weight"":1.0,""attribute"":""medium_chain_fatty_acids"",""channel"":""LIPID"",""component_policy"":""composite_component"",""nutrient"":""12:0 (g)"",""role"":""effect"",""version"":""potassium_all_ratio""}]}"
alpha_linolenic_acid,alpha_linolenic_acid,specific_lipids,linear,0,0.4,0,10,g,0.5,true,,,,[],[],{}
epa_plus_dha,epa_plus_dha,specific_lipids,linear,0,62.5,0,10,mg,1.0,true,,,,[],[],{}
trans_fat_percent_calories,trans_fat_percent_calories,specific_lipids,linear,30,0,-10,0,% calories,1.0,false,"Excluded from the reported FCS2 USDA analysis because it was unavailable in FNDDS, FPED, and the flavonoid database (Table S9 footnote).",,,[],[],{}
total_fiber,total_fiber,fiber_and_protein,linear,0,9.5,0,10,g,1.0,true,,,,[],"[{""allocation_weight"":0.5,""attribute"":""total_fiber"",""channel"":""MAC"",""component_policy"":""direct"",""nutrient"":""Fiber, total dietary (g)"",""role"":""effect"",""version"":""expert_reviewed_attribute_mapping_v1""}]","{""carbohydrate_proxy"":[{""allocation_weight"":0.5,""attribute"":""total_fiber"",""channel"":""MAC"",""component_policy"":""direct"",""nutrient"":""Fiber, total dietary (g)"",""role"":""effect"",""version"":""carbohydrate_proxy""}],""fiber_all_absolute"":[{""allocation_weight"":1.0,""attribute"":""total_fiber"",""channel"":""MAC"",""component_policy"":""direct"",""nutrient"":""Fiber, total dietary (g)"",""role"":""effect"",""version"":""fiber_all_absolute""}],""potassium_all_absolute"":[{""allocation_weight"":0.5,""attribute"":""total_fiber"",""channel"":""MAC"",""component_policy"":""direct"",""nutrient"":""Fiber, total dietary (g)"",""role"":""effect"",""version"":""potassium_all_absolute""}],""potassium_all_ratio"":[{""allocation_weight"":0.5,""attribute"":""total_fiber"",""channel"":""MAC"",""component_policy"":""direct"",""nutrient"":""Fiber, total dietary (g)"",""role"":""effect"",""version"":""potassium_all_ratio""}]}"
total_protein,total_protein,fiber_and_protein,linear,0,14,0,10,g,0.5,true,,,,[],[],{}
total_flavonoids,total_flavonoids,phytochemicals,linear,0,23.53,0,10,mg,1.0,true,,,,[],[],{}
total_carotenoids,total_carotenoids,phytochemicals,linear,0,8746.81,0,10,mcg,1.0,true,,,,[],"[{""allocation_weight"":1.0,""attribute"":""total_carotenoids"",""channel"":""MAC"",""component_policy"":""composite_component"",""nutrient"":""Carotene, alpha (mcg)"",""role"":""effect"",""version"":""expert_reviewed_attribute_mapping_v1""},{""allocation_weight"":1.0,""attribute"":""total_carotenoids"",""channel"":""MAC"",""component_policy"":""composite_component"",""nutrient"":""Carotene, beta (mcg)"",""role"":""effect"",""version"":""expert_reviewed_attribute_mapping_v1""},{""allocation_weight"":1.0,""attribute"":""total_carotenoids"",""channel"":""MAC"",""component_policy"":""composite_component"",""nutrient"":""Cryptoxanthin, beta (mcg)"",""role"":""effect"",""version"":""expert_reviewed_attribute_mapping_v1""},{""allocation_weight"":1.0,""attribute"":""total_carotenoids"",""channel"":""MAC"",""component_policy"":""composite_component"",""nutrient"":""Lycopene (mcg)"",""role"":""effect"",""version"":""expert_reviewed_attribute_mapping_v1""},{""allocation_weight"":1.0,""attribute"":""total_carotenoids"",""channel"":""MAC"",""component_policy"":""composite_component"",""nutrient"":""Lutein + zeaxanthin (mcg)"",""role"":""effect"",""version"":""expert_reviewed_attribute_mapping_v1""}]","{""carbohydrate_proxy"":[{""allocation_weight"":1.0,""attribute"":""total_carotenoids"",""channel"":""MAC"",""component_policy"":""composite_component"",""nutrient"":""Carotene, alpha (mcg)"",""role"":""effect"",""version"":""carbohydrate_proxy""},{""allocation_weight"":1.0,""attribute"":""total_carotenoids"",""channel"":""MAC"",""component_policy"":""composite_component"",""nutrient"":""Carotene, beta (mcg)"",""role"":""effect"",""version"":""carbohydrate_proxy""},{""allocation_weight"":1.0,""attribute"":""total_carotenoids"",""channel"":""MAC"",""component_policy"":""composite_component"",""nutrient"":""Cryptoxanthin, beta (mcg)"",""role"":""effect"",""version"":""carbohydrate_proxy""},{""allocation_weight"":1.0,""attribute"":""total_carotenoids"",""channel"":""MAC"",""component_policy"":""composite_component"",""nutrient"":""Lycopene (mcg)"",""role"":""effect"",""version"":""carbohydrate_proxy""},{""allocation_weight"":1.0,""attribute"":""total_carotenoids"",""channel"":""MAC"",""component_policy"":""composite_component"",""nutrient"":""Lutein + zeaxanthin (mcg)"",""role"":""effect"",""version"":""carbohydrate_proxy""}],""fiber_all_absolute"":[{""allocation_weight"":1.0,""attribute"":""total_carotenoids"",""channel"":""MAC"",""component_policy"":""composite_component"",""nutrient"":""Carotene, alpha (mcg)"",""role"":""effect"",""version"":""fiber_all_absolute""},{""allocation_weight"":1.0,""attribute"":""total_carotenoids"",""channel"":""MAC"",""component_policy"":""composite_component"",""nutrient"":""Carotene, beta (mcg)"",""role"":""effect"",""version"":""fiber_all_absolute""},{""allocation_weight"":1.0,""attribute"":""total_carotenoids"",""channel"":""MAC"",""component_policy"":""composite_component"",""nutrient"":""Cryptoxanthin, beta (mcg)"",""role"":""effect"",""version"":""fiber_all_absolute""},{""allocation_weight"":1.0,""attribute"":""total_carotenoids"",""channel"":""MAC"",""component_policy"":""composite_component"",""nutrient"":""Lycopene (mcg)"",""role"":""effect"",""version"":""fiber_all_absolute""},{""allocation_weight"":1.0,""attribute"":""total_carotenoids"",""channel"":""MAC"",""component_policy"":""composite_component"",""nutrient"":""Lutein + zeaxanthin (mcg)"",""role"":""effect"",""version"":""fiber_all_absolute""}],""fiber_all_ratio"":[{""allocation_weight"":1.0,""attribute"":""total_carotenoids"",""channel"":""MAC"",""component_policy"":""composite_component"",""nutrient"":""Carotene, alpha (mcg)"",""role"":""effect"",""version"":""fiber_all_ratio""},{""allocation_weight"":1.0,""attribute"":""total_carotenoids"",""channel"":""MAC"",""component_policy"":""composite_component"",""nutrient"":""Carotene, beta (mcg)"",""role"":""effect"",""version"":""fiber_all_ratio""},{""allocation_weight"":1.0,""attribute"":""total_carotenoids"",""channel"":""MAC"",""component_policy"":""composite_component"",""nutrient"":""Cryptoxanthin, beta (mcg)"",""role"":""effect"",""version"":""fiber_all_ratio""},{""allocation_weight"":1.0,""attribute"":""total_carotenoids"",""channel"":""MAC"",""component_policy"":""composite_component"",""nutrient"":""Lycopene (mcg)"",""role"":""effect"",""version"":""fiber_all_ratio""},{""allocation_weight"":1.0,""attribute"":""total_carotenoids"",""channel"":""MAC"",""component_policy"":""composite_component"",""nutrient"":""Lutein + zeaxanthin (mcg)"",""role"":""effect"",""version"":""fiber_all_ratio""}],""potassium_all_absolute"":[{""allocation_weight"":1.0,""attribute"":""total_carotenoids"",""channel"":""MAC"",""component_policy"":""composite_component"",""nutrient"":""Carotene, alpha (mcg)"",""role"":""effect"",""version"":""potassium_all_absolute""},{""allocation_weight"":1.0,""attribute"":""total_carotenoids"",""channel"":""MAC"",""component_policy"":""composite_component"",""nutrient"":""Carotene, beta (mcg)"",""role"":""effect"",""version"":""potassium_all_absolute""},{""allocation_weight"":1.0,""attribute"":""total_carotenoids"",""channel"":""MAC"",""component_policy"":""composite_component"",""nutrient"":""Cryptoxanthin, beta (mcg)"",""role"":""effect"",""version"":""potassium_all_absolute""},{""allocation_weight"":1.0,""attribute"":""total_carotenoids"",""channel"":""MAC"",""component_policy"":""composite_component"",""nutrient"":""Lycopene (mcg)"",""role"":""effect"",""version"":""potassium_all_absolute""},{""allocation_weight"":1.0,""attribute"":""total_carotenoids"",""channel"":""MAC"",""component_policy"":""composite_component"",""nutrient"":""Lutein + zeaxanthin (mcg)"",""role"":""effect"",""version"":""potassium_all_absolute""}],""potassium_all_ratio"":[{""allocation_weight"":1.0,""attribute"":""total_carotenoids"",""channel"":""MAC"",""component_policy"":""composite_component"",""nutrient"":""Carotene, alpha (mcg)"",""role"":""effect"",""version"":""potassium_all_ratio""},{""allocation_weight"":1.0,""attribute"":""total_carotenoids"",""channel"":""MAC"",""component_policy"":""composite_component"",""nutrient"":""Carotene, beta (mcg)"",""role"":""effect"",""version"":""potassium_all_ratio""},{""allocation_weight"":1.0,""attribute"":""total_carotenoids"",""channel"":""MAC"",""component_policy"":""composite_component"",""nutrient"":""Cryptoxanthin, beta (mcg)"",""role"":""effect"",""version"":""potassium_all_ratio""},{""allocation_weight"":1.0,""attribute"":""total_carotenoids"",""channel"":""MAC"",""component_policy"":""composite_component"",""nutrient"":""Lycopene (mcg)"",""role"":""effect"",""version"":""potassium_all_ratio""},{""allocation_weight"":1.0,""attribute"":""total_carotenoids"",""channel"":""MAC"",""component_policy"":""composite_component"",""nutrient"":""Lutein + zeaxanthin (mcg)"",""role"":""effect"",""version"":""potassium_all_ratio""}]}"
