nutrient,unit,nutrient_group,in_weight_matrix,in_nutrient_matrix,log1p_applied,winsor_lo,winsor_hi,robust_clip_iqr,channel,excluded_reason,mapped_to_microbiome_bridge,bridge_tiers,n_bridge_metabolites,coverage_boundary
Energy (kcal),kcal,macro,True,True,True,0.01,0.99,4.0,OTHER,,False,,0,unmapped or indirectly represented
Protein (g),g,macro,True,True,True,0.01,0.99,4.0,OTHER,,True,2,33,"{'tier1': 'exact-name regex (^X$) — fatty acids, vitamins, minerals', 'tier2': 'keyword tokens — protein/carb/sugar/total fat → amino acids/sugars', 'tier3': 'family aggregation — fiber → SCFA microbiota fermentation products', 'tier4': 'alias propagation — fortified/derived nutrients inherit parent map'}"
Carbohydrate (g),g,macro,True,True,True,0.01,0.99,4.0,OTHER,expert_revised_exclusion,True,2,54,"{'tier1': 'exact-name regex (^X$) — fatty acids, vitamins, minerals', 'tier2': 'keyword tokens — protein/carb/sugar/total fat → amino acids/sugars', 'tier3': 'family aggregation — fiber → SCFA microbiota fermentation products', 'tier4': 'alias propagation — fortified/derived nutrients inherit parent map'}"
"Sugars, total (g)",g,macro,True,True,True,0.01,0.99,4.0,OTHER,,True,2,51,"{'tier1': 'exact-name regex (^X$) — fatty acids, vitamins, minerals', 'tier2': 'keyword tokens — protein/carb/sugar/total fat → amino acids/sugars', 'tier3': 'family aggregation — fiber → SCFA microbiota fermentation products', 'tier4': 'alias propagation — fortified/derived nutrients inherit parent map'}"
"Fiber, total dietary (g)",g,macro,True,True,True,0.01,0.99,4.0,MAC,,True,3,11,"{'tier1': 'exact-name regex (^X$) — fatty acids, vitamins, minerals', 'tier2': 'keyword tokens — protein/carb/sugar/total fat → amino acids/sugars', 'tier3': 'family aggregation — fiber → SCFA microbiota fermentation products', 'tier4': 'alias propagation — fortified/derived nutrients inherit parent map'}"
Total Fat (g),g,macro,True,True,True,0.01,0.99,4.0,LIPID,,True,2,6,"{'tier1': 'exact-name regex (^X$) — fatty acids, vitamins, minerals', 'tier2': 'keyword tokens — protein/carb/sugar/total fat → amino acids/sugars', 'tier3': 'family aggregation — fiber → SCFA microbiota fermentation products', 'tier4': 'alias propagation — fortified/derived nutrients inherit parent map'}"
"Fatty acids, total saturated (g)",g,lipid,True,True,True,0.01,0.99,4.0,LIPID,,True,2,3,"{'tier1': 'exact-name regex (^X$) — fatty acids, vitamins, minerals', 'tier2': 'keyword tokens — protein/carb/sugar/total fat → amino acids/sugars', 'tier3': 'family aggregation — fiber → SCFA microbiota fermentation products', 'tier4': 'alias propagation — fortified/derived nutrients inherit parent map'}"
"Fatty acids, total monounsaturated (g)",g,lipid,True,True,True,0.01,0.99,4.0,OTHER,,True,2,3,"{'tier1': 'exact-name regex (^X$) — fatty acids, vitamins, minerals', 'tier2': 'keyword tokens — protein/carb/sugar/total fat → amino acids/sugars', 'tier3': 'family aggregation — fiber → SCFA microbiota fermentation products', 'tier4': 'alias propagation — fortified/derived nutrients inherit parent map'}"
"Fatty acids, total polyunsaturated (g)",g,lipid,True,True,True,0.01,0.99,4.0,OTHER,,True,2,2,"{'tier1': 'exact-name regex (^X$) — fatty acids, vitamins, minerals', 'tier2': 'keyword tokens — protein/carb/sugar/total fat → amino acids/sugars', 'tier3': 'family aggregation — fiber → SCFA microbiota fermentation products', 'tier4': 'alias propagation — fortified/derived nutrients inherit parent map'}"
Cholesterol (mg),mg,lipid,True,True,True,0.01,0.99,4.0,LIPID,,True,1,1,"{'tier1': 'exact-name regex (^X$) — fatty acids, vitamins, minerals', 'tier2': 'keyword tokens — protein/carb/sugar/total fat → amino acids/sugars', 'tier3': 'family aggregation — fiber → SCFA microbiota fermentation products', 'tier4': 'alias propagation — fortified/derived nutrients inherit parent map'}"
Retinol (mcg),mcg,other,True,True,True,0.01,0.99,4.0,LIPID,,True,1,2,"{'tier1': 'exact-name regex (^X$) — fatty acids, vitamins, minerals', 'tier2': 'keyword tokens — protein/carb/sugar/total fat → amino acids/sugars', 'tier3': 'family aggregation — fiber → SCFA microbiota fermentation products', 'tier4': 'alias propagation — fortified/derived nutrients inherit parent map'}"
"Vitamin A, RAE (mcg_RAE)",mcg_RAE,vitamin,True,True,True,0.01,0.99,4.0,OTHER,expert_revised_exclusion,True,1,2,"{'tier1': 'exact-name regex (^X$) — fatty acids, vitamins, minerals', 'tier2': 'keyword tokens — protein/carb/sugar/total fat → amino acids/sugars', 'tier3': 'family aggregation — fiber → SCFA microbiota fermentation products', 'tier4': 'alias propagation — fortified/derived nutrients inherit parent map'}"
"Carotene, alpha (mcg)",mcg,other,True,True,True,0.01,0.99,4.0,MAC,,True,4,2,"{'tier1': 'exact-name regex (^X$) — fatty acids, vitamins, minerals', 'tier2': 'keyword tokens — protein/carb/sugar/total fat → amino acids/sugars', 'tier3': 'family aggregation — fiber → SCFA microbiota fermentation products', 'tier4': 'alias propagation — fortified/derived nutrients inherit parent map'}"
"Carotene, beta (mcg)",mcg,other,True,True,True,0.01,0.99,4.0,MAC,,True,1,1,"{'tier1': 'exact-name regex (^X$) — fatty acids, vitamins, minerals', 'tier2': 'keyword tokens — protein/carb/sugar/total fat → amino acids/sugars', 'tier3': 'family aggregation — fiber → SCFA microbiota fermentation products', 'tier4': 'alias propagation — fortified/derived nutrients inherit parent map'}"
"Cryptoxanthin, beta (mcg)",mcg,other,True,True,True,0.01,0.99,4.0,MAC,,True,4,2,"{'tier1': 'exact-name regex (^X$) — fatty acids, vitamins, minerals', 'tier2': 'keyword tokens — protein/carb/sugar/total fat → amino acids/sugars', 'tier3': 'family aggregation — fiber → SCFA microbiota fermentation products', 'tier4': 'alias propagation — fortified/derived nutrients inherit parent map'}"
Lycopene (mcg),mcg,other,True,True,True,0.01,0.99,4.0,MAC,,False,,0,unmapped or indirectly represented
Lutein + zeaxanthin (mcg),mcg,other,True,True,True,0.01,0.99,4.0,MAC,,False,,0,unmapped or indirectly represented
Thiamin (mg),mg,other,True,True,False,0.01,0.99,4.0,OTHER,,True,1,4,"{'tier1': 'exact-name regex (^X$) — fatty acids, vitamins, minerals', 'tier2': 'keyword tokens — protein/carb/sugar/total fat → amino acids/sugars', 'tier3': 'family aggregation — fiber → SCFA microbiota fermentation products', 'tier4': 'alias propagation — fortified/derived nutrients inherit parent map'}"
Riboflavin (mg),mg,other,True,True,False,0.01,0.99,4.0,OTHER,,True,1,3,"{'tier1': 'exact-name regex (^X$) — fatty acids, vitamins, minerals', 'tier2': 'keyword tokens — protein/carb/sugar/total fat → amino acids/sugars', 'tier3': 'family aggregation — fiber → SCFA microbiota fermentation products', 'tier4': 'alias propagation — fortified/derived nutrients inherit parent map'}"
Niacin (mg),mg,other,True,True,True,0.01,0.99,4.0,OTHER,,True,1,6,"{'tier1': 'exact-name regex (^X$) — fatty acids, vitamins, minerals', 'tier2': 'keyword tokens — protein/carb/sugar/total fat → amino acids/sugars', 'tier3': 'family aggregation — fiber → SCFA microbiota fermentation products', 'tier4': 'alias propagation — fortified/derived nutrients inherit parent map'}"
Vitamin B-6 (mg),mg,vitamin,True,True,False,0.01,0.99,4.0,OTHER,,True,1,6,"{'tier1': 'exact-name regex (^X$) — fatty acids, vitamins, minerals', 'tier2': 'keyword tokens — protein/carb/sugar/total fat → amino acids/sugars', 'tier3': 'family aggregation — fiber → SCFA microbiota fermentation products', 'tier4': 'alias propagation — fortified/derived nutrients inherit parent map'}"
Folic acid (mcg),mcg,other,True,True,True,0.01,0.99,4.0,OTHER,,True,1,1,"{'tier1': 'exact-name regex (^X$) — fatty acids, vitamins, minerals', 'tier2': 'keyword tokens — protein/carb/sugar/total fat → amino acids/sugars', 'tier3': 'family aggregation — fiber → SCFA microbiota fermentation products', 'tier4': 'alias propagation — fortified/derived nutrients inherit parent map'}"
"Folate, food (mcg)",mcg,other,True,True,True,0.01,0.99,4.0,MAC,,True,1,2,"{'tier1': 'exact-name regex (^X$) — fatty acids, vitamins, minerals', 'tier2': 'keyword tokens — protein/carb/sugar/total fat → amino acids/sugars', 'tier3': 'family aggregation — fiber → SCFA microbiota fermentation products', 'tier4': 'alias propagation — fortified/derived nutrients inherit parent map'}"
"Folate, DFE (mcg_DFE)",mcg_DFE,other,True,True,True,0.01,0.99,4.0,OTHER,,True,1,2,"{'tier1': 'exact-name regex (^X$) — fatty acids, vitamins, minerals', 'tier2': 'keyword tokens — protein/carb/sugar/total fat → amino acids/sugars', 'tier3': 'family aggregation — fiber → SCFA microbiota fermentation products', 'tier4': 'alias propagation — fortified/derived nutrients inherit parent map'}"
"Folate, total (mcg)",mcg,other,True,True,True,0.01,0.99,4.0,OTHER,,True,1,5,"{'tier1': 'exact-name regex (^X$) — fatty acids, vitamins, minerals', 'tier2': 'keyword tokens — protein/carb/sugar/total fat → amino acids/sugars', 'tier3': 'family aggregation — fiber → SCFA microbiota fermentation products', 'tier4': 'alias propagation — fortified/derived nutrients inherit parent map'}"
"Choline, total (mg)",mg,other,True,True,True,0.01,0.99,4.0,LIPID,,True,1,3,"{'tier1': 'exact-name regex (^X$) — fatty acids, vitamins, minerals', 'tier2': 'keyword tokens — protein/carb/sugar/total fat → amino acids/sugars', 'tier3': 'family aggregation — fiber → SCFA microbiota fermentation products', 'tier4': 'alias propagation — fortified/derived nutrients inherit parent map'}"
Vitamin B-12 (mcg),mcg,vitamin,True,True,False,0.01,0.99,4.0,LIPID,,True,1,1,"{'tier1': 'exact-name regex (^X$) — fatty acids, vitamins, minerals', 'tier2': 'keyword tokens — protein/carb/sugar/total fat → amino acids/sugars', 'tier3': 'family aggregation — fiber → SCFA microbiota fermentation products', 'tier4': 'alias propagation — fortified/derived nutrients inherit parent map'}"
"Vitamin B-12, added (mcg)",mcg,vitamin,True,True,False,0.01,0.99,4.0,OTHER,,True,4,1,"{'tier1': 'exact-name regex (^X$) — fatty acids, vitamins, minerals', 'tier2': 'keyword tokens — protein/carb/sugar/total fat → amino acids/sugars', 'tier3': 'family aggregation — fiber → SCFA microbiota fermentation products', 'tier4': 'alias propagation — fortified/derived nutrients inherit parent map'}"
Vitamin C (mg),mg,vitamin,True,True,True,0.01,0.99,4.0,MAC,,True,1,1,"{'tier1': 'exact-name regex (^X$) — fatty acids, vitamins, minerals', 'tier2': 'keyword tokens — protein/carb/sugar/total fat → amino acids/sugars', 'tier3': 'family aggregation — fiber → SCFA microbiota fermentation products', 'tier4': 'alias propagation — fortified/derived nutrients inherit parent map'}"
Vitamin D (D2 + D3) (mcg),mcg,vitamin,True,True,False,0.01,0.99,4.0,OTHER,,True,1,1,"{'tier1': 'exact-name regex (^X$) — fatty acids, vitamins, minerals', 'tier2': 'keyword tokens — protein/carb/sugar/total fat → amino acids/sugars', 'tier3': 'family aggregation — fiber → SCFA microbiota fermentation products', 'tier4': 'alias propagation — fortified/derived nutrients inherit parent map'}"
Vitamin E (alpha-tocopherol) (mg),mg,vitamin,True,True,False,0.01,0.99,4.0,MAC,,False,,0,unmapped or indirectly represented
"Vitamin E, added (mg)",mg,vitamin,True,True,False,0.01,0.99,4.0,OTHER,,False,,0,unmapped or indirectly represented
Vitamin K (phylloquinone) (mcg),mcg,vitamin,True,True,True,0.01,0.99,4.0,MAC,,True,1,8,"{'tier1': 'exact-name regex (^X$) — fatty acids, vitamins, minerals', 'tier2': 'keyword tokens — protein/carb/sugar/total fat → amino acids/sugars', 'tier3': 'family aggregation — fiber → SCFA microbiota fermentation products', 'tier4': 'alias propagation — fortified/derived nutrients inherit parent map'}"
Calcium (mg),mg,mineral,True,True,True,0.01,0.99,4.0,OTHER,,True,1,1,"{'tier1': 'exact-name regex (^X$) — fatty acids, vitamins, minerals', 'tier2': 'keyword tokens — protein/carb/sugar/total fat → amino acids/sugars', 'tier3': 'family aggregation — fiber → SCFA microbiota fermentation products', 'tier4': 'alias propagation — fortified/derived nutrients inherit parent map'}"
Phosphorus (mg),mg,mineral,True,True,True,0.01,0.99,4.0,OTHER,,True,1,2,"{'tier1': 'exact-name regex (^X$) — fatty acids, vitamins, minerals', 'tier2': 'keyword tokens — protein/carb/sugar/total fat → amino acids/sugars', 'tier3': 'family aggregation — fiber → SCFA microbiota fermentation products', 'tier4': 'alias propagation — fortified/derived nutrients inherit parent map'}"
Magnesium (mg),mg,mineral,True,True,True,0.01,0.99,4.0,MAC,,True,1,1,"{'tier1': 'exact-name regex (^X$) — fatty acids, vitamins, minerals', 'tier2': 'keyword tokens — protein/carb/sugar/total fat → amino acids/sugars', 'tier3': 'family aggregation — fiber → SCFA microbiota fermentation products', 'tier4': 'alias propagation — fortified/derived nutrients inherit parent map'}"
Iron (mg),mg,mineral,True,True,True,0.01,0.99,4.0,OTHER,,False,,0,unmapped or indirectly represented
Zinc (mg),mg,mineral,True,True,False,0.01,0.99,4.0,OTHER,expert_revised_exclusion,True,1,1,"{'tier1': 'exact-name regex (^X$) — fatty acids, vitamins, minerals', 'tier2': 'keyword tokens — protein/carb/sugar/total fat → amino acids/sugars', 'tier3': 'family aggregation — fiber → SCFA microbiota fermentation products', 'tier4': 'alias propagation — fortified/derived nutrients inherit parent map'}"
Copper (mg),mg,mineral,True,True,False,0.01,0.99,4.0,OTHER,expert_revised_exclusion,False,,0,unmapped or indirectly represented
Selenium (mcg),mcg,mineral,True,True,True,0.01,0.99,4.0,OTHER,,True,1,1,"{'tier1': 'exact-name regex (^X$) — fatty acids, vitamins, minerals', 'tier2': 'keyword tokens — protein/carb/sugar/total fat → amino acids/sugars', 'tier3': 'family aggregation — fiber → SCFA microbiota fermentation products', 'tier4': 'alias propagation — fortified/derived nutrients inherit parent map'}"
Potassium (mg),mg,mineral,True,True,True,0.01,0.99,4.0,MAC,,True,1,1,"{'tier1': 'exact-name regex (^X$) — fatty acids, vitamins, minerals', 'tier2': 'keyword tokens — protein/carb/sugar/total fat → amino acids/sugars', 'tier3': 'family aggregation — fiber → SCFA microbiota fermentation products', 'tier4': 'alias propagation — fortified/derived nutrients inherit parent map'}"
Sodium (mg),mg,mineral,True,True,True,0.01,0.99,4.0,OTHER,,True,1,1,"{'tier1': 'exact-name regex (^X$) — fatty acids, vitamins, minerals', 'tier2': 'keyword tokens — protein/carb/sugar/total fat → amino acids/sugars', 'tier3': 'family aggregation — fiber → SCFA microbiota fermentation products', 'tier4': 'alias propagation — fortified/derived nutrients inherit parent map'}"
Caffeine (mg),mg,other,True,True,True,0.01,0.99,4.0,OTHER,,False,,0,unmapped or indirectly represented
Theobromine (mg),mg,other,True,True,True,0.01,0.99,4.0,OTHER,,False,,0,unmapped or indirectly represented
Alcohol (g),g,macro,True,True,False,0.01,0.99,4.0,OTHER,,True,1,1,"{'tier1': 'exact-name regex (^X$) — fatty acids, vitamins, minerals', 'tier2': 'keyword tokens — protein/carb/sugar/total fat → amino acids/sugars', 'tier3': 'family aggregation — fiber → SCFA microbiota fermentation products', 'tier4': 'alias propagation — fortified/derived nutrients inherit parent map'}"
4:0 (g),g,fatty_acid,True,True,False,0.01,0.99,4.0,LIPID,,True,1,1,"{'tier1': 'exact-name regex (^X$) — fatty acids, vitamins, minerals', 'tier2': 'keyword tokens — protein/carb/sugar/total fat → amino acids/sugars', 'tier3': 'family aggregation — fiber → SCFA microbiota fermentation products', 'tier4': 'alias propagation — fortified/derived nutrients inherit parent map'}"
6:0 (g),g,fatty_acid,True,True,False,0.01,0.99,4.0,LIPID,,True,4,1,"{'tier1': 'exact-name regex (^X$) — fatty acids, vitamins, minerals', 'tier2': 'keyword tokens — protein/carb/sugar/total fat → amino acids/sugars', 'tier3': 'family aggregation — fiber → SCFA microbiota fermentation products', 'tier4': 'alias propagation — fortified/derived nutrients inherit parent map'}"
8:0 (g),g,fatty_acid,True,True,False,0.01,0.99,4.0,LIPID,,True,1,1,"{'tier1': 'exact-name regex (^X$) — fatty acids, vitamins, minerals', 'tier2': 'keyword tokens — protein/carb/sugar/total fat → amino acids/sugars', 'tier3': 'family aggregation — fiber → SCFA microbiota fermentation products', 'tier4': 'alias propagation — fortified/derived nutrients inherit parent map'}"
10:0 (g),g,fatty_acid,True,True,False,0.01,0.99,4.0,LIPID,,True,1,1,"{'tier1': 'exact-name regex (^X$) — fatty acids, vitamins, minerals', 'tier2': 'keyword tokens — protein/carb/sugar/total fat → amino acids/sugars', 'tier3': 'family aggregation — fiber → SCFA microbiota fermentation products', 'tier4': 'alias propagation — fortified/derived nutrients inherit parent map'}"
12:0 (g),g,fatty_acid,True,True,False,0.01,0.99,4.0,LIPID,,True,1,1,"{'tier1': 'exact-name regex (^X$) — fatty acids, vitamins, minerals', 'tier2': 'keyword tokens — protein/carb/sugar/total fat → amino acids/sugars', 'tier3': 'family aggregation — fiber → SCFA microbiota fermentation products', 'tier4': 'alias propagation — fortified/derived nutrients inherit parent map'}"
14:0 (g),g,fatty_acid,True,True,False,0.01,0.99,4.0,LIPID,,True,1,1,"{'tier1': 'exact-name regex (^X$) — fatty acids, vitamins, minerals', 'tier2': 'keyword tokens — protein/carb/sugar/total fat → amino acids/sugars', 'tier3': 'family aggregation — fiber → SCFA microbiota fermentation products', 'tier4': 'alias propagation — fortified/derived nutrients inherit parent map'}"
16:0 (g),g,fatty_acid,True,True,False,0.01,0.99,4.0,LIPID,,True,1,1,"{'tier1': 'exact-name regex (^X$) — fatty acids, vitamins, minerals', 'tier2': 'keyword tokens — protein/carb/sugar/total fat → amino acids/sugars', 'tier3': 'family aggregation — fiber → SCFA microbiota fermentation products', 'tier4': 'alias propagation — fortified/derived nutrients inherit parent map'}"
18:0 (g),g,fatty_acid,True,True,False,0.01,0.99,4.0,LIPID,,True,1,1,"{'tier1': 'exact-name regex (^X$) — fatty acids, vitamins, minerals', 'tier2': 'keyword tokens — protein/carb/sugar/total fat → amino acids/sugars', 'tier3': 'family aggregation — fiber → SCFA microbiota fermentation products', 'tier4': 'alias propagation — fortified/derived nutrients inherit parent map'}"
16:1 (g),g,fatty_acid,True,True,False,0.01,0.99,4.0,OTHER,,True,1,1,"{'tier1': 'exact-name regex (^X$) — fatty acids, vitamins, minerals', 'tier2': 'keyword tokens — protein/carb/sugar/total fat → amino acids/sugars', 'tier3': 'family aggregation — fiber → SCFA microbiota fermentation products', 'tier4': 'alias propagation — fortified/derived nutrients inherit parent map'}"
18:1 (g),g,fatty_acid,True,True,True,0.01,0.99,4.0,OTHER,,True,1,1,"{'tier1': 'exact-name regex (^X$) — fatty acids, vitamins, minerals', 'tier2': 'keyword tokens — protein/carb/sugar/total fat → amino acids/sugars', 'tier3': 'family aggregation — fiber → SCFA microbiota fermentation products', 'tier4': 'alias propagation — fortified/derived nutrients inherit parent map'}"
20:1 (g),g,fatty_acid,True,True,False,0.01,0.99,4.0,OTHER,,True,4,1,"{'tier1': 'exact-name regex (^X$) — fatty acids, vitamins, minerals', 'tier2': 'keyword tokens — protein/carb/sugar/total fat → amino acids/sugars', 'tier3': 'family aggregation — fiber → SCFA microbiota fermentation products', 'tier4': 'alias propagation — fortified/derived nutrients inherit parent map'}"
22:1 (g),g,fatty_acid,True,True,False,0.01,0.99,4.0,OTHER,,True,4,1,"{'tier1': 'exact-name regex (^X$) — fatty acids, vitamins, minerals', 'tier2': 'keyword tokens — protein/carb/sugar/total fat → amino acids/sugars', 'tier3': 'family aggregation — fiber → SCFA microbiota fermentation products', 'tier4': 'alias propagation — fortified/derived nutrients inherit parent map'}"
18:2 (g),g,fatty_acid,True,True,True,0.01,0.99,4.0,OTHER,,True,1,1,"{'tier1': 'exact-name regex (^X$) — fatty acids, vitamins, minerals', 'tier2': 'keyword tokens — protein/carb/sugar/total fat → amino acids/sugars', 'tier3': 'family aggregation — fiber → SCFA microbiota fermentation products', 'tier4': 'alias propagation — fortified/derived nutrients inherit parent map'}"
18:3 (g),g,fatty_acid,True,True,False,0.01,0.99,4.0,OTHER,,True,1,1,"{'tier1': 'exact-name regex (^X$) — fatty acids, vitamins, minerals', 'tier2': 'keyword tokens — protein/carb/sugar/total fat → amino acids/sugars', 'tier3': 'family aggregation — fiber → SCFA microbiota fermentation products', 'tier4': 'alias propagation — fortified/derived nutrients inherit parent map'}"
18:4 (g),g,fatty_acid,True,True,False,0.01,0.99,4.0,OTHER,,True,4,1,"{'tier1': 'exact-name regex (^X$) — fatty acids, vitamins, minerals', 'tier2': 'keyword tokens — protein/carb/sugar/total fat → amino acids/sugars', 'tier3': 'family aggregation — fiber → SCFA microbiota fermentation products', 'tier4': 'alias propagation — fortified/derived nutrients inherit parent map'}"
20:4 (g),g,fatty_acid,True,True,False,0.01,0.99,4.0,OTHER,,True,4,1,"{'tier1': 'exact-name regex (^X$) — fatty acids, vitamins, minerals', 'tier2': 'keyword tokens — protein/carb/sugar/total fat → amino acids/sugars', 'tier3': 'family aggregation — fiber → SCFA microbiota fermentation products', 'tier4': 'alias propagation — fortified/derived nutrients inherit parent map'}"
20:5 n-3 (g),g,fatty_acid,True,True,False,0.01,0.99,4.0,OTHER,,True,4,1,"{'tier1': 'exact-name regex (^X$) — fatty acids, vitamins, minerals', 'tier2': 'keyword tokens — protein/carb/sugar/total fat → amino acids/sugars', 'tier3': 'family aggregation — fiber → SCFA microbiota fermentation products', 'tier4': 'alias propagation — fortified/derived nutrients inherit parent map'}"
22:5 n-3 (g),g,fatty_acid,True,True,False,0.01,0.99,4.0,OTHER,,True,4,1,"{'tier1': 'exact-name regex (^X$) — fatty acids, vitamins, minerals', 'tier2': 'keyword tokens — protein/carb/sugar/total fat → amino acids/sugars', 'tier3': 'family aggregation — fiber → SCFA microbiota fermentation products', 'tier4': 'alias propagation — fortified/derived nutrients inherit parent map'}"
22:6 n-3 (g),g,fatty_acid,True,True,False,0.01,0.99,4.0,OTHER,,True,4,1,"{'tier1': 'exact-name regex (^X$) — fatty acids, vitamins, minerals', 'tier2': 'keyword tokens — protein/carb/sugar/total fat → amino acids/sugars', 'tier3': 'family aggregation — fiber → SCFA microbiota fermentation products', 'tier4': 'alias propagation — fortified/derived nutrients inherit parent map'}"
Water (g),g,macro,True,True,True,0.01,0.99,4.0,OTHER,,True,1,1,"{'tier1': 'exact-name regex (^X$) — fatty acids, vitamins, minerals', 'tier2': 'keyword tokens — protein/carb/sugar/total fat → amino acids/sugars', 'tier3': 'family aggregation — fiber → SCFA microbiota fermentation products', 'tier4': 'alias propagation — fortified/derived nutrients inherit parent map'}"
