source_data_file,bytes,sha256,git_commit,python_version
outputs/posthoc_validation/figure1_3_top_driver_examples.csv,22060,4a5628abbb4adcb208f1f9fd95f76547c6507a3c9c5313d9b1d4daa7e2ea2233,c8f13ef,3.14.5
outputs/posthoc_validation/figure2_category_shift_detail.csv,2027345,ea2cdb53e518750c6c030e5617d00e50217a0d1cd3d619f72f2d55537281a51a,c8f13ef,3.14.5
outputs/posthoc_validation/figure3_food_group_channel_ci.csv,2734,93662f4c4599d4687438c79800b212c653e2ccd16bfa4196a6833d269d0670fc,c8f13ef,3.14.5
outputs/posthoc_validation/figure4_mask_sensitive_repeated_seeds.csv,3063,9e8adc4e654db66f7fcd6a288850fb82dc599315f366b68c7e83cec3d17f4bfb,c8f13ef,3.14.5
outputs/posthoc_validation/figure4_mask_sensitive_summary.csv,2299,2180bf934e8648f1090943c9500acad36ab9d95e9269ecf89d22a461e12541c8,c8f13ef,3.14.5
outputs/posthoc_validation/posthoc_source_data_manifest.csv,1264,e98c1533b7cb5c62d201b88754d15b7d703b49f7629b4f227f9979a80492f7d1,c8f13ef,3.14.5
outputs/posthoc_validation/posthoc_validation_report.json,133,f75d6efdeb65a84fef1e1c1d0a41f9b9db4ed1e32aba0b9e00898cc716c0d7c1,c8f13ef,3.14.5
outputs/posthoc_validation/statistical_summary_table.csv,5321,fa3bd4d90bc41d33428ddea05949cc9c5281a32768f6b2418622ff47280f4dd8,c8f13ef,3.14.5
manuscript/nature_food_submission/source_data/README.md,235,7286f967374963805a9bc83955444e009408751088fdf5ef3c1f80820254fa37,c8f13ef,3.14.5
manuscript/nature_food_submission/source_data/figure1_individual_food_examples.csv,1060,2a2ed7a1340e0241efafb4952896c07b28b8287869230c84635d69e93007bf87,c8f13ef,3.14.5
manuscript/nature_food_submission/source_data/figure1_mask_counts.csv,166,099e49c5877e930aea013cecd24969cf26c68746784da11f270b9efd6eff220e,c8f13ef,3.14.5
manuscript/nature_food_submission/source_data/figure1_mask_matrix.csv,1815,3729fde9f4ccf0720f6ef1673bf291f3a275b2e5cc3bfde356ddda89f284b0df,c8f13ef,3.14.5
manuscript/nature_food_submission/source_data/figure2_3_food_group_summary_v4.csv,1211,e05a71ee1f43ad4e4a82ce1a68364658fad5bef6768a3bca5fa9cfc7f0767c2e,c8f13ef,3.14.5
manuscript/nature_food_submission/source_data/figure2_3_food_summary_v4.csv,1487706,fafbe27378495e46e4c2166a1b08d2082a2b01a529048fd5088e744b990d2b73,c8f13ef,3.14.5
manuscript/nature_food_submission/source_data/figure2_bootstrap_preservation.csv,30547,c36c688a563c8087d36af24ca537473f47e700623754d63071656c058d0e48d6,c8f13ef,3.14.5
manuscript/nature_food_submission/source_data/figure2_category_transition_v4.csv,90,7568dbb231912561aaa323401e9288c4dda53ad1c170f7b30c105d3f5c78f495,c8f13ef,3.14.5
manuscript/nature_food_submission/source_data/figure2_nps_preservation_metrics.json,217,bb89e95862c7835a4b9d3b859ffbf299b91a1fe5550cfe395c5266f715311452,c8f13ef,3.14.5
manuscript/nature_food_submission/source_data/figure2_v3_vs_v4_summary.json,387,13e7fc3b94488790bb0f175c1749b40ccc1eb1bf4736bbea205e94ab6bebfe6f,c8f13ef,3.14.5
manuscript/nature_food_submission/source_data/figure3_group_channel_fraction.csv,1700,02cab8d0c5e70c1d6761e9b993dc2f4fd2230092e9eeeabeb8a99ac7c10dbdcf,c8f13ef,3.14.5
manuscript/nature_food_submission/source_data/figure3_individual_food_delta_heatmap.csv,61096,50d6c13e01e48a2e9250d21c9376d3547fdfb03fadf0b0a5e26c3511794c7d83,c8f13ef,3.14.5
manuscript/nature_food_submission/source_data/figure4_ablation_repeated_seeds.csv,7026,e39dfe2bb07048242780064182a995c8228a524b0ee5d9aea3ee57aabf4fa1dd,c8f13ef,3.14.5
manuscript/nature_food_submission/source_data/figure4_cap_repeated_seeds.csv,3435,912ce0f0ea71297f603af157dbd3a4186837b353e8db8bc65fbc13a415b029c1,c8f13ef,3.14.5
manuscript/nature_food_submission/source_data/figure4_delta_cap_sensitivity.csv,391,250a40ad49cf9960fbf6f0c283039609f0f4dad7b090114cadb8ad81768eec04,c8f13ef,3.14.5
manuscript/nature_food_submission/source_data/figure4_design_ablation.csv,674,af5d806985f7605ff81be040e672a7222d012b06932eca2c9821c849cc2eb32f,c8f13ef,3.14.5
manuscript/nature_food_submission/source_data/figure4_gmrepo_auroc.csv,779,ffa17d90e724eb17aa117bff1b0acb8078f72a291952818db3c56415ec719061,c8f13ef,3.14.5
manuscript/nature_food_submission/source_data/figure4_gmrepo_fdr.csv,949,42e65773f5e8f5345de82ffa44ec0cab95e87e56d074a6102d941367bc694853,c8f13ef,3.14.5
manuscript/nature_food_submission/source_data/figure4_synthetic_benchmark.csv,639,606cf1a2114e73e7b516e5962e7ffeda234d2a4b9e30e9c4a643f783e67d1915,c8f13ef,3.14.5
manuscript/nature_food_submission/source_data/figure4_synthetic_repeated_seeds.csv,6824,0b4b3e33f3b9cc372e5ceef9c3253ac167420ba88fcc8fd0af08a724161f1084,c8f13ef,3.14.5
manuscript/nature_food_submission/source_data/source_data_manifest.csv,742,3ce25c7a9431e95297ac2db00f8e95780c99fff3874bdee3832e570814fc443d,c8f13ef,3.14.5
outputs/nature_source_data_v2/README.md,235,7286f967374963805a9bc83955444e009408751088fdf5ef3c1f80820254fa37,c8f13ef,3.14.5
outputs/nature_source_data_v2/figure1_individual_food_examples.csv,1060,2a2ed7a1340e0241efafb4952896c07b28b8287869230c84635d69e93007bf87,c8f13ef,3.14.5
outputs/nature_source_data_v2/figure1_mask_counts.csv,166,099e49c5877e930aea013cecd24969cf26c68746784da11f270b9efd6eff220e,c8f13ef,3.14.5
outputs/nature_source_data_v2/figure1_mask_matrix.csv,1815,3729fde9f4ccf0720f6ef1673bf291f3a275b2e5cc3bfde356ddda89f284b0df,c8f13ef,3.14.5
outputs/nature_source_data_v2/figure2_3_food_group_summary_v4.csv,1211,e05a71ee1f43ad4e4a82ce1a68364658fad5bef6768a3bca5fa9cfc7f0767c2e,c8f13ef,3.14.5
outputs/nature_source_data_v2/figure2_3_food_summary_v4.csv,1487706,fafbe27378495e46e4c2166a1b08d2082a2b01a529048fd5088e744b990d2b73,c8f13ef,3.14.5
outputs/nature_source_data_v2/figure2_bootstrap_preservation.csv,30547,c36c688a563c8087d36af24ca537473f47e700623754d63071656c058d0e48d6,c8f13ef,3.14.5
outputs/nature_source_data_v2/figure2_category_transition_v4.csv,90,7568dbb231912561aaa323401e9288c4dda53ad1c170f7b30c105d3f5c78f495,c8f13ef,3.14.5
outputs/nature_source_data_v2/figure2_nps_preservation_metrics.json,217,bb89e95862c7835a4b9d3b859ffbf299b91a1fe5550cfe395c5266f715311452,c8f13ef,3.14.5
outputs/nature_source_data_v2/figure2_v3_vs_v4_summary.json,387,13e7fc3b94488790bb0f175c1749b40ccc1eb1bf4736bbea205e94ab6bebfe6f,c8f13ef,3.14.5
outputs/nature_source_data_v2/figure3_group_channel_fraction.csv,1700,02cab8d0c5e70c1d6761e9b993dc2f4fd2230092e9eeeabeb8a99ac7c10dbdcf,c8f13ef,3.14.5
outputs/nature_source_data_v2/figure3_individual_food_delta_heatmap.csv,61096,50d6c13e01e48a2e9250d21c9376d3547fdfb03fadf0b0a5e26c3511794c7d83,c8f13ef,3.14.5
outputs/nature_source_data_v2/figure4_ablation_repeated_seeds.csv,7026,e39dfe2bb07048242780064182a995c8228a524b0ee5d9aea3ee57aabf4fa1dd,c8f13ef,3.14.5
outputs/nature_source_data_v2/figure4_cap_repeated_seeds.csv,3435,912ce0f0ea71297f603af157dbd3a4186837b353e8db8bc65fbc13a415b029c1,c8f13ef,3.14.5
outputs/nature_source_data_v2/figure4_delta_cap_sensitivity.csv,391,250a40ad49cf9960fbf6f0c283039609f0f4dad7b090114cadb8ad81768eec04,c8f13ef,3.14.5
outputs/nature_source_data_v2/figure4_design_ablation.csv,674,af5d806985f7605ff81be040e672a7222d012b06932eca2c9821c849cc2eb32f,c8f13ef,3.14.5
outputs/nature_source_data_v2/figure4_gmrepo_auroc.csv,779,ffa17d90e724eb17aa117bff1b0acb8078f72a291952818db3c56415ec719061,c8f13ef,3.14.5
outputs/nature_source_data_v2/figure4_gmrepo_fdr.csv,949,42e65773f5e8f5345de82ffa44ec0cab95e87e56d074a6102d941367bc694853,c8f13ef,3.14.5
outputs/nature_source_data_v2/figure4_synthetic_benchmark.csv,639,606cf1a2114e73e7b516e5962e7ffeda234d2a4b9e30e9c4a643f783e67d1915,c8f13ef,3.14.5
outputs/nature_source_data_v2/figure4_synthetic_repeated_seeds.csv,6824,0b4b3e33f3b9cc372e5ceef9c3253ac167420ba88fcc8fd0af08a724161f1084,c8f13ef,3.14.5
outputs/nature_source_data_v2/source_data_manifest.csv,742,3ce25c7a9431e95297ac2db00f8e95780c99fff3874bdee3832e570814fc443d,c8f13ef,3.14.5
