figure_id,panel_id,display_order,title,status,display_class,claim_ids,evidence_tier,evidence_role,data_class,analysis_unit,inference_unit,n_effective,interval_definition,source_artifacts,source_sha256,generator_script,output_paths,unlock_artifacts,caption_boundary,exclusion_reason
Fig1,a,1,Calibration interface at the person x food x attribute level,authorized_conceptual,main_conceptual,ABS-03|INT-07|RES-01|DIS-01,locked_method_definition,method_definition_or_invariant,computational_method,method invariant,not_applicable,not_applicable,not_applicable,,,code/src/scripts/make_main_figures.py,figures/figure_1_attribute_calibration.svg|figures/figure_1_attribute_calibration.pdf|figures/figure_1_attribute_calibration.png,,Conceptual locked method only; no observed or synthetic result,
Fig1,b,1,Bounded movement on a published native point scale,authorized_conceptual,main_conceptual,ABS-03|INT-07|RES-01|DIS-01,locked_method_definition,method_definition_or_invariant,computational_method,attribute invariant,not_applicable,not_applicable,not_applicable,,,code/src/scripts/make_main_figures.py,figures/figure_1_attribute_calibration.svg|figures/figure_1_attribute_calibration.pdf|figures/figure_1_attribute_calibration.png,,Conceptual locked 20% native-range movement only; not an estimate,
Fig1,c,1,Dynamic native-domain recomposition,authorized_conceptual,main_conceptual,ABS-03|INT-07|RES-01|DIS-01,locked_method_definition,method_definition_or_invariant,computational_method,domain invariant,not_applicable,not_applicable,not_applicable,,,code/src/scripts/make_main_figures.py,figures/figure_1_attribute_calibration.svg|figures/figure_1_attribute_calibration.pdf|figures/figure_1_attribute_calibration.png,,Conceptual native-domain recomposition and fixed residual only,
Fig1,d,1,Return to the shared 1-100 reference,authorized_conceptual,main_conceptual,ABS-03|INT-07|RES-01|DIS-01,locked_method_definition,method_definition_or_invariant,computational_method,score-bound invariant,not_applicable,not_applicable,not_applicable,,,code/src/scripts/make_main_figures.py,figures/figure_1_attribute_calibration.svg|figures/figure_1_attribute_calibration.pdf|figures/figure_1_attribute_calibration.png,,Computational bound only; not observed population preservation,
FigS1,a,S1,Programmed residual error,authorized_supplementary_synthetic,supplementary_method,ABS-05|RES-06|DIS-02,computational_feasibility,correctly_specified_synthetic_positive_control,synthetic,independent simulation seed,independent simulation seed,5,2.5th-97.5th percentile range across five seeds,results/phase2/source-data/correctly_specified_synthetic_positive_control/synthetic_attribute_twin_config.json|results/phase2/source-data/correctly_specified_synthetic_positive_control/synthetic_attribute_twin_manifest.json|results/phase2/source-data/correctly_specified_synthetic_positive_control/synthetic_attribute_twin_replicate_metrics.csv|results/phase2/source-data/correctly_specified_synthetic_positive_control/synthetic_attribute_twin_success_checks.csv|results/phase2/source-data/correctly_specified_synthetic_positive_control/synthetic_attribute_twin_summary.csv,fd5a21d815406225f3fe5a6222cd39dafed7b98014dbc25190b61399fdb97c35|df0684efa66377bdbdaec77182cdcbadc03b35cd4c5ec0403febf3c7d1096263|b0a0e379e8654ef1c370d614abe932a2a7cd0cedb4ad13ccf52ef6db0a7e70e6|091bea04c4baed04fa4f4898d8c980cac081e3bc7dfb58435b5799fdfac32719|b78ab05011a7c5f9bb150b22d50d72ff84797721c6a5c1d3bc8c37a3edbf9bdd,code/src/scripts/make_main_figures.py,figures/supplementary_figure_S1_synthetic_positive_control.svg|figures/supplementary_figure_S1_synthetic_positive_control.pdf|figures/supplementary_figure_S1_synthetic_positive_control.png,,Correctly specified synthetic method-only positive-control; not biological clinical or external validation,
FigS1,b,S1,Programmed residual rank recovery,authorized_supplementary_synthetic,supplementary_method,ABS-05|RES-07|RES-08|DIS-02,computational_feasibility,correctly_specified_synthetic_positive_control,synthetic,independent simulation seed,independent simulation seed,5 estimated seeds per non-constant comparator; 0 for baseline,2.5th-97.5th percentile range across five seeds,results/phase2/source-data/correctly_specified_synthetic_positive_control/synthetic_attribute_twin_config.json|results/phase2/source-data/correctly_specified_synthetic_positive_control/synthetic_attribute_twin_manifest.json|results/phase2/source-data/correctly_specified_synthetic_positive_control/synthetic_attribute_twin_replicate_metrics.csv|results/phase2/source-data/correctly_specified_synthetic_positive_control/synthetic_attribute_twin_success_checks.csv|results/phase2/source-data/correctly_specified_synthetic_positive_control/synthetic_attribute_twin_summary.csv,fd5a21d815406225f3fe5a6222cd39dafed7b98014dbc25190b61399fdb97c35|df0684efa66377bdbdaec77182cdcbadc03b35cd4c5ec0403febf3c7d1096263|b0a0e379e8654ef1c370d614abe932a2a7cd0cedb4ad13ccf52ef6db0a7e70e6|091bea04c4baed04fa4f4898d8c980cac081e3bc7dfb58435b5799fdfac32719|b78ab05011a7c5f9bb150b22d50d72ff84797721c6a5c1d3bc8c37a3edbf9bdd,code/src/scripts/make_main_figures.py,figures/supplementary_figure_S1_synthetic_positive_control.svg|figures/supplementary_figure_S1_synthetic_positive_control.pdf|figures/supplementary_figure_S1_synthetic_positive_control.png,,Correctly specified synthetic method-only assignment controls in one evidence family,
Fig2,ALL,2,Population safety and food-group heterogeneity,blocked_external_data,main_quantitative,RES-10|DIS-06,blocked_external_data,future_external_empirical_test,external_blocker,food,food,not_available,not_available,"Missing production 9,234-food run and trusted artifact chain",,,,"Approved FCS2/FNDDS release-registry entry + complete production Phase 1 9,234-food run + live method-lock artifact chain + provenance-bound subgroup enrichment + repository-authorized attribute_validation_trust_registry.json entry + successful path-only population-safety output and SHA-256 manifest",Do not describe designed caps or fixture behaviour as observed preservation,No approved production food bundle or population run exists
Fig3,ALL,3,Direct participant-by-meal response validity and ablations,blocked_external_data,main_quantitative,RES-11|DIS-06,blocked_external_data,future_external_empirical_test,external_blocker,participant-meal observation,family/twin connected component,not_available,not_available,Missing eligible observed participant-by-meal outcomes and immutable benchmark artifacts,,,,Controlled outcome grant + verified observed participant-meal endpoint table and microbiome linkage + run-level method-lock manifest and artifacts + result-run manifest + paired_metrics + predictions + split_audit + analysis_status + approved direct_validity_result_registry.json run + passing evidence gate,Do not use aggregate ranks predictors synthetic responses or test fixtures as participant outcomes,Eligible observed outcomes and production benchmark artifacts are unavailable
Fig4,ALL,4,Generalization robustness and evidence boundaries,blocked_external_data,main_quantitative,RES-12|RES-13|RES-14|DIS-06,blocked_external_data,future_external_empirical_test,external_blocker,independent GMrepo person|ZOE food/rank-table|knowledge path,analysis-specific unit,not_available,not_available,Missing registry-bound supporting-evidence runs,,,,Repository-authorized supporting_evidence_trust_registry.json + source-verified GMrepo table/provenance and path-only run + source-verified ZOE rank table/provenance and path-only run + source-verified adjudicated knowledge-path table/provenance and path-only run; any empirical microbiome-shuffle panel additionally requires original/rerun production Phase 1 chains and the hash-bound four-column derangement sidecar,Do not present biological consistency aggregate ranks paths or synthetic controls as external validation,No registry-bound GMrepo ZOE knowledge-path or production derangement analysis has been executed
HistoricalFig1,ALL,excluded,Historical final-score-offset framework,excluded_stale,historical,not_applicable,not_applicable,historical_unsupported,historical,not_applicable,not_applicable,not_applicable,not_applicable,figures/figure_1_framework.pdf|figures/figure_1_framework.png,,,,,,Conflicts with locked attribute-level method and current evidence tier
HistoricalFig2,ALL,excluded,Historical population preservation figure,excluded_stale,historical,not_applicable,not_applicable,historical_unsupported,historical,not_applicable,not_applicable,not_applicable,not_applicable,figures/figure_2_preservation.pdf|figures/figure_2_preservation.png,,,,,,Unauthorized production and population-preservation claims
HistoricalFig3,ALL,excluded,Historical heterogeneity figure,excluded_stale,historical,not_applicable,not_applicable,historical_unsupported,historical,not_applicable,not_applicable,not_applicable,not_applicable,figures/figure_3_heterogeneity.pdf|figures/figure_3_heterogeneity.png,,,,,,Unauthorized production heterogeneity claims
HistoricalFig4,ALL,excluded,Historical validation figure,excluded_stale,historical,not_applicable,not_applicable,historical_unsupported,historical,not_applicable,not_applicable,not_applicable,not_applicable,figures/figure_4_validation.pdf|figures/figure_4_validation.png,,,,,,Combines legacy synthetic and unexecuted external-validation claims
HistoricalSourceData,ALL,excluded,Historical source-data bundle,excluded_stale,historical,not_applicable,not_applicable,historical_unsupported,historical,not_applicable,not_applicable,not_applicable,not_applicable,source_data/figure1_individual_food_examples.csv|source_data/figure1_mask_counts.csv|source_data/figure1_mask_matrix.csv|source_data/figure2_3_food_group_summary_v4.csv|source_data/figure2_3_food_summary_v4.csv|source_data/figure2_bootstrap_preservation.csv|source_data/figure2_category_transition_v4.csv|source_data/figure2_nps_preservation_metrics.json|source_data/figure2_v3_vs_v4_summary.json|source_data/figure3_group_channel_fraction.csv|source_data/figure3_individual_food_delta_heatmap.csv|source_data/figure4_ablation_repeated_seeds.csv|source_data/figure4_cap_repeated_seeds.csv|source_data/figure4_delta_cap_sensitivity.csv|source_data/figure4_design_ablation.csv|source_data/figure4_gmrepo_auroc.csv|source_data/figure4_gmrepo_fdr.csv|source_data/figure4_synthetic_benchmark.csv|source_data/figure4_synthetic_repeated_seeds.csv,,,,,,Predates the Phase 2 evidence gate and is excluded from the submission allowlist
HistoricalPrompts,ALL,excluded,Historical generated-art prompt file,excluded_stale,historical,not_applicable,not_applicable,historical_unsupported,historical,not_applicable,not_applicable,not_applicable,not_applicable,figure_ai_prompts.md,,,,,,Requests unsupported decorative and measured-looking content
