comparator_order,comparator_key,comparator_label,seed,residual_rmse,metric_status,mean_across_seeds,replicate_interval_lower,replicate_interval_upper,replicates_requested,replicates_valid,n_individuals_per_seed,n_foods_per_seed,n_pairs_per_seed,evidence_role,data_class,seed_set,source_file_sha256,source_payload_sha256,bootstrap_replicates_requested,bootstrap_replicates_valid,per_seed_bootstrap_interval_lower,per_seed_bootstrap_interval_upper
1,fcs_baseline,FCS baseline,1701,3.7794717747494624,estimated,3.5411428636467868,3.061922299270578,3.84313136180703,5,5,24,12,288,correctly_specified_synthetic_positive_control,synthetic,"[1701,1702,1703,1704,1705]",4d1a381e79db1580da49e9a7bbb4fd655e7040273dac1aacb24587c604df15a7,d1dbae01c30b716f829058c25f4b1201739057884cb3effe956f9c525e634fbf,200,200,2.6984824380431998,4.588995098224457
1,fcs_baseline,FCS baseline,1702,3.850204649257871,estimated,3.5411428636467868,3.061922299270578,3.84313136180703,5,5,24,12,288,correctly_specified_synthetic_positive_control,synthetic,"[1701,1702,1703,1704,1705]",4d1a381e79db1580da49e9a7bbb4fd655e7040273dac1aacb24587c604df15a7,d1dbae01c30b716f829058c25f4b1201739057884cb3effe956f9c525e634fbf,200,200,2.8564103117197703,4.722361550753147
1,fcs_baseline,FCS baseline,1703,3.0370789660487705,estimated,3.5411428636467868,3.061922299270578,3.84313136180703,5,5,24,12,288,correctly_specified_synthetic_positive_control,synthetic,"[1701,1702,1703,1704,1705]",4d1a381e79db1580da49e9a7bbb4fd655e7040273dac1aacb24587c604df15a7,d1dbae01c30b716f829058c25f4b1201739057884cb3effe956f9c525e634fbf,200,200,2.1546913047170455,3.7836447102469863
1,fcs_baseline,FCS baseline,1704,3.285512298266847,estimated,3.5411428636467868,3.061922299270578,3.84313136180703,5,5,24,12,288,correctly_specified_synthetic_positive_control,synthetic,"[1701,1702,1703,1704,1705]",4d1a381e79db1580da49e9a7bbb4fd655e7040273dac1aacb24587c604df15a7,d1dbae01c30b716f829058c25f4b1201739057884cb3effe956f9c525e634fbf,200,200,2.3540839667239752,4.189228362540142
1,fcs_baseline,FCS baseline,1705,3.753446629910982,estimated,3.5411428636467868,3.061922299270578,3.84313136180703,5,5,24,12,288,correctly_specified_synthetic_positive_control,synthetic,"[1701,1702,1703,1704,1705]",4d1a381e79db1580da49e9a7bbb4fd655e7040273dac1aacb24587c604df15a7,d1dbae01c30b716f829058c25f4b1201739057884cb3effe956f9c525e634fbf,200,200,2.8390192950891153,4.579585806582154
2,locked_attribute_gmnps,Locked attribute GMNPS,1701,0.3460714631899765,estimated,0.35224521781025037,0.3460966361379619,0.3647341629505858,5,5,24,12,288,correctly_specified_synthetic_positive_control,synthetic,"[1701,1702,1703,1704,1705]",4d1a381e79db1580da49e9a7bbb4fd655e7040273dac1aacb24587c604df15a7,d1dbae01c30b716f829058c25f4b1201739057884cb3effe956f9c525e634fbf,200,200,0.3253438186448609,0.3672538502659827
2,locked_attribute_gmnps,Locked attribute GMNPS,1702,0.34632319266983025,estimated,0.35224521781025037,0.3460966361379619,0.3647341629505858,5,5,24,12,288,correctly_specified_synthetic_positive_control,synthetic,"[1701,1702,1703,1704,1705]",4d1a381e79db1580da49e9a7bbb4fd655e7040273dac1aacb24587c604df15a7,d1dbae01c30b716f829058c25f4b1201739057884cb3effe956f9c525e634fbf,200,200,0.320275233177213,0.3705455881866679
2,locked_attribute_gmnps,Locked attribute GMNPS,1703,0.3656593324450482,estimated,0.35224521781025037,0.3460966361379619,0.3647341629505858,5,5,24,12,288,correctly_specified_synthetic_positive_control,synthetic,"[1701,1702,1703,1704,1705]",4d1a381e79db1580da49e9a7bbb4fd655e7040273dac1aacb24587c604df15a7,d1dbae01c30b716f829058c25f4b1201739057884cb3effe956f9c525e634fbf,200,200,0.3216004862038421,0.40273224571387417
2,locked_attribute_gmnps,Locked attribute GMNPS,1704,0.3564076375004241,estimated,0.35224521781025037,0.3460966361379619,0.3647341629505858,5,5,24,12,288,correctly_specified_synthetic_positive_control,synthetic,"[1701,1702,1703,1704,1705]",4d1a381e79db1580da49e9a7bbb4fd655e7040273dac1aacb24587c604df15a7,d1dbae01c30b716f829058c25f4b1201739057884cb3effe956f9c525e634fbf,200,200,0.33744101683718813,0.37124781347850594
2,locked_attribute_gmnps,Locked attribute GMNPS,1705,0.3467644632459727,estimated,0.35224521781025037,0.3460966361379619,0.3647341629505858,5,5,24,12,288,correctly_specified_synthetic_positive_control,synthetic,"[1701,1702,1703,1704,1705]",4d1a381e79db1580da49e9a7bbb4fd655e7040273dac1aacb24587c604df15a7,d1dbae01c30b716f829058c25f4b1201739057884cb3effe956f9c525e634fbf,200,200,0.32321259459977153,0.3727691505789041
3,random_microbiome,Random microbiome assignment,1701,2.91264129798911,estimated,2.825273666802911,2.5181794179646437,3.253229345867132,5,5,24,12,288,correctly_specified_synthetic_positive_control,synthetic,"[1701,1702,1703,1704,1705]",4d1a381e79db1580da49e9a7bbb4fd655e7040273dac1aacb24587c604df15a7,d1dbae01c30b716f829058c25f4b1201739057884cb3effe956f9c525e634fbf,200,200,2.2823668129474566,3.757626398954253
3,random_microbiome,Random microbiome assignment,1702,3.291072462298023,estimated,2.825273666802911,2.5181794179646437,3.253229345867132,5,5,24,12,288,correctly_specified_synthetic_positive_control,synthetic,"[1701,1702,1703,1704,1705]",4d1a381e79db1580da49e9a7bbb4fd655e7040273dac1aacb24587c604df15a7,d1dbae01c30b716f829058c25f4b1201739057884cb3effe956f9c525e634fbf,200,200,2.4562037696696732,3.9258946125372876
3,random_microbiome,Random microbiome assignment,1703,2.568555022875014,estimated,2.825273666802911,2.5181794179646437,3.253229345867132,5,5,24,12,288,correctly_specified_synthetic_positive_control,synthetic,"[1701,1702,1703,1704,1705]",4d1a381e79db1580da49e9a7bbb4fd655e7040273dac1aacb24587c604df15a7,d1dbae01c30b716f829058c25f4b1201739057884cb3effe956f9c525e634fbf,200,200,1.9795552712546132,3.165123697086864
3,random_microbiome,Random microbiome assignment,1704,2.512582128530158,estimated,2.825273666802911,2.5181794179646437,3.253229345867132,5,5,24,12,288,correctly_specified_synthetic_positive_control,synthetic,"[1701,1702,1703,1704,1705]",4d1a381e79db1580da49e9a7bbb4fd655e7040273dac1aacb24587c604df15a7,d1dbae01c30b716f829058c25f4b1201739057884cb3effe956f9c525e634fbf,200,200,2.064102572925854,2.9274188830284866
3,random_microbiome,Random microbiome assignment,1705,2.8415174223222484,estimated,2.825273666802911,2.5181794179646437,3.253229345867132,5,5,24,12,288,correctly_specified_synthetic_positive_control,synthetic,"[1701,1702,1703,1704,1705]",4d1a381e79db1580da49e9a7bbb4fd655e7040273dac1aacb24587c604df15a7,d1dbae01c30b716f829058c25f4b1201739057884cb3effe956f9c525e634fbf,200,200,2.0622134096474087,3.7187852439724263
4,sattolo_deranged_microbiome,Sattolo-deranged assignment,1701,3.2635494473525624,estimated,3.6541278073086625,3.1163221939208046,4.4581883098626305,5,5,24,12,288,correctly_specified_synthetic_positive_control,synthetic,"[1701,1702,1703,1704,1705]",4d1a381e79db1580da49e9a7bbb4fd655e7040273dac1aacb24587c604df15a7,d1dbae01c30b716f829058c25f4b1201739057884cb3effe956f9c525e634fbf,200,200,2.5937310120130834,4.017652428426226
4,sattolo_deranged_microbiome,Sattolo-deranged assignment,1702,4.520634673741474,estimated,3.6541278073086625,3.1163221939208046,4.4581883098626305,5,5,24,12,288,correctly_specified_synthetic_positive_control,synthetic,"[1701,1702,1703,1704,1705]",4d1a381e79db1580da49e9a7bbb4fd655e7040273dac1aacb24587c604df15a7,d1dbae01c30b716f829058c25f4b1201739057884cb3effe956f9c525e634fbf,200,200,3.707937317169615,5.209315043355235
4,sattolo_deranged_microbiome,Sattolo-deranged assignment,1703,3.490320270290071,estimated,3.6541278073086625,3.1163221939208046,4.4581883098626305,5,5,24,12,288,correctly_specified_synthetic_positive_control,synthetic,"[1701,1702,1703,1704,1705]",4d1a381e79db1580da49e9a7bbb4fd655e7040273dac1aacb24587c604df15a7,d1dbae01c30b716f829058c25f4b1201739057884cb3effe956f9c525e634fbf,200,200,2.8513486275402493,4.164988752510158
4,sattolo_deranged_microbiome,Sattolo-deranged assignment,1704,3.099963610206165,estimated,3.6541278073086625,3.1163221939208046,4.4581883098626305,5,5,24,12,288,correctly_specified_synthetic_positive_control,synthetic,"[1701,1702,1703,1704,1705]",4d1a381e79db1580da49e9a7bbb4fd655e7040273dac1aacb24587c604df15a7,d1dbae01c30b716f829058c25f4b1201739057884cb3effe956f9c525e634fbf,200,200,2.3525436098220363,3.73607376991302
4,sattolo_deranged_microbiome,Sattolo-deranged assignment,1705,3.896171034953037,estimated,3.6541278073086625,3.1163221939208046,4.4581883098626305,5,5,24,12,288,correctly_specified_synthetic_positive_control,synthetic,"[1701,1702,1703,1704,1705]",4d1a381e79db1580da49e9a7bbb4fd655e7040273dac1aacb24587c604df15a7,d1dbae01c30b716f829058c25f4b1201739057884cb3effe956f9c525e634fbf,200,200,2.8116677923094398,5.015275732241522
