comparator_order,comparator_key,comparator_label,seed,residual_spearman,mean_across_seeds,replicate_interval_lower,replicate_interval_upper,replicates_requested,replicates_valid,n_individuals_per_seed,n_foods_per_seed,n_pairs_per_seed,evidence_role,data_class,seed_set,source_file_sha256,source_payload_sha256,bootstrap_replicates_requested,bootstrap_replicates_valid,per_seed_bootstrap_interval_lower,per_seed_bootstrap_interval_upper
1,fcs_baseline,FCS baseline,1701,0.0,0.0,0.0,0.0,5,5,24,12,288,correctly_specified_synthetic_positive_control,synthetic,"[1701,1702,1703,1704,1705]",4d1a381e79db1580da49e9a7bbb4fd655e7040273dac1aacb24587c604df15a7,d1dbae01c30b716f829058c25f4b1201739057884cb3effe956f9c525e634fbf,200,200,0.0,0.0
1,fcs_baseline,FCS baseline,1702,0.0,0.0,0.0,0.0,5,5,24,12,288,correctly_specified_synthetic_positive_control,synthetic,"[1701,1702,1703,1704,1705]",4d1a381e79db1580da49e9a7bbb4fd655e7040273dac1aacb24587c604df15a7,d1dbae01c30b716f829058c25f4b1201739057884cb3effe956f9c525e634fbf,200,200,0.0,0.0
1,fcs_baseline,FCS baseline,1703,0.0,0.0,0.0,0.0,5,5,24,12,288,correctly_specified_synthetic_positive_control,synthetic,"[1701,1702,1703,1704,1705]",4d1a381e79db1580da49e9a7bbb4fd655e7040273dac1aacb24587c604df15a7,d1dbae01c30b716f829058c25f4b1201739057884cb3effe956f9c525e634fbf,200,200,0.0,0.0
1,fcs_baseline,FCS baseline,1704,0.0,0.0,0.0,0.0,5,5,24,12,288,correctly_specified_synthetic_positive_control,synthetic,"[1701,1702,1703,1704,1705]",4d1a381e79db1580da49e9a7bbb4fd655e7040273dac1aacb24587c604df15a7,d1dbae01c30b716f829058c25f4b1201739057884cb3effe956f9c525e634fbf,200,200,0.0,0.0
1,fcs_baseline,FCS baseline,1705,0.0,0.0,0.0,0.0,5,5,24,12,288,correctly_specified_synthetic_positive_control,synthetic,"[1701,1702,1703,1704,1705]",4d1a381e79db1580da49e9a7bbb4fd655e7040273dac1aacb24587c604df15a7,d1dbae01c30b716f829058c25f4b1201739057884cb3effe956f9c525e634fbf,200,200,0.0,0.0
2,locked_attribute_gmnps,Locked attribute GMNPS,1701,0.9892767724019307,0.987601525545656,0.9847555952079542,0.9895955153941062,5,5,24,12,288,correctly_specified_synthetic_positive_control,synthetic,"[1701,1702,1703,1704,1705]",4d1a381e79db1580da49e9a7bbb4fd655e7040273dac1aacb24587c604df15a7,d1dbae01c30b716f829058c25f4b1201739057884cb3effe956f9c525e634fbf,200,200,0.9648600209393361,0.991827566984042
2,locked_attribute_gmnps,Locked attribute GMNPS,1702,0.9896309312821256,0.987601525545656,0.9847555952079542,0.9895955153941062,5,5,24,12,288,correctly_specified_synthetic_positive_control,synthetic,"[1701,1702,1703,1704,1705]",4d1a381e79db1580da49e9a7bbb4fd655e7040273dac1aacb24587c604df15a7,d1dbae01c30b716f829058c25f4b1201739057884cb3effe956f9c525e634fbf,200,200,0.9700780228619412,0.9900255673076953
2,locked_attribute_gmnps,Locked attribute GMNPS,1703,0.9854925470905723,0.987601525545656,0.9847555952079542,0.9895955153941062,5,5,24,12,288,correctly_specified_synthetic_positive_control,synthetic,"[1701,1702,1703,1704,1705]",4d1a381e79db1580da49e9a7bbb4fd655e7040273dac1aacb24587c604df15a7,d1dbae01c30b716f829058c25f4b1201739057884cb3effe956f9c525e634fbf,200,200,0.9593456553314711,0.9874486760189615
2,locked_attribute_gmnps,Locked attribute GMNPS,1704,0.984673711665441,0.987601525545656,0.9847555952079542,0.9895955153941062,5,5,24,12,288,correctly_specified_synthetic_positive_control,synthetic,"[1701,1702,1703,1704,1705]",4d1a381e79db1580da49e9a7bbb4fd655e7040273dac1aacb24587c604df15a7,d1dbae01c30b716f829058c25f4b1201739057884cb3effe956f9c525e634fbf,200,200,0.9581739621897633,0.9891224819791741
2,locked_attribute_gmnps,Locked attribute GMNPS,1705,0.9889336652882101,0.987601525545656,0.9847555952079542,0.9895955153941062,5,5,24,12,288,correctly_specified_synthetic_positive_control,synthetic,"[1701,1702,1703,1704,1705]",4d1a381e79db1580da49e9a7bbb4fd655e7040273dac1aacb24587c604df15a7,d1dbae01c30b716f829058c25f4b1201739057884cb3effe956f9c525e634fbf,200,200,0.9676815184387436,0.9916284024355121
3,random_microbiome,Random microbiome assignment,1701,0.09686320726281906,0.15714617267279943,0.08673079705339813,0.2766575640299162,5,5,24,12,288,correctly_specified_synthetic_positive_control,synthetic,"[1701,1702,1703,1704,1705]",4d1a381e79db1580da49e9a7bbb4fd655e7040273dac1aacb24587c604df15a7,d1dbae01c30b716f829058c25f4b1201739057884cb3effe956f9c525e634fbf,200,200,-0.3444343139072676,0.4347631497715849
3,random_microbiome,Random microbiome assignment,1702,0.0856049736967958,0.15714617267279943,0.08673079705339813,0.2766575640299162,5,5,24,12,288,correctly_specified_synthetic_positive_control,synthetic,"[1701,1702,1703,1704,1705]",4d1a381e79db1580da49e9a7bbb4fd655e7040273dac1aacb24587c604df15a7,d1dbae01c30b716f829058c25f4b1201739057884cb3effe956f9c525e634fbf,200,200,-0.25790706403571906,0.4743283530633599
3,random_microbiome,Random microbiome assignment,1703,0.28759409072093695,0.15714617267279943,0.08673079705339813,0.2766575640299162,5,5,24,12,288,correctly_specified_synthetic_positive_control,synthetic,"[1701,1702,1703,1704,1705]",4d1a381e79db1580da49e9a7bbb4fd655e7040273dac1aacb24587c604df15a7,d1dbae01c30b716f829058c25f4b1201739057884cb3effe956f9c525e634fbf,200,200,-0.16361291110956064,0.6526882185723137
3,random_microbiome,Random microbiome assignment,1704,0.13743976787271583,0.15714617267279943,0.08673079705339813,0.2766575640299162,5,5,24,12,288,correctly_specified_synthetic_positive_control,synthetic,"[1701,1702,1703,1704,1705]",4d1a381e79db1580da49e9a7bbb4fd655e7040273dac1aacb24587c604df15a7,d1dbae01c30b716f829058c25f4b1201739057884cb3effe956f9c525e634fbf,200,200,-0.2501447608770353,0.4808918834328191
3,random_microbiome,Random microbiome assignment,1705,0.1782288238107295,0.15714617267279943,0.08673079705339813,0.2766575640299162,5,5,24,12,288,correctly_specified_synthetic_positive_control,synthetic,"[1701,1702,1703,1704,1705]",4d1a381e79db1580da49e9a7bbb4fd655e7040273dac1aacb24587c604df15a7,d1dbae01c30b716f829058c25f4b1201739057884cb3effe956f9c525e634fbf,200,200,-0.17199529301627625,0.5387170994183477
4,sattolo_deranged_microbiome,Sattolo-deranged assignment,1701,0.12757707100056667,-0.05393884957139241,-0.2598755068741988,0.11411918425906949,5,5,24,12,288,correctly_specified_synthetic_positive_control,synthetic,"[1701,1702,1703,1704,1705]",4d1a381e79db1580da49e9a7bbb4fd655e7040273dac1aacb24587c604df15a7,d1dbae01c30b716f829058c25f4b1201739057884cb3effe956f9c525e634fbf,200,200,-0.2833001920124528,0.504359394299447
4,sattolo_deranged_microbiome,Sattolo-deranged assignment,1702,-0.27988447889916374,-0.05393884957139241,-0.2598755068741988,0.11411918425906949,5,5,24,12,288,correctly_specified_synthetic_positive_control,synthetic,"[1701,1702,1703,1704,1705]",4d1a381e79db1580da49e9a7bbb4fd655e7040273dac1aacb24587c604df15a7,d1dbae01c30b716f829058c25f4b1201739057884cb3effe956f9c525e634fbf,200,200,-0.5673876385798652,0.06015369729560292
4,sattolo_deranged_microbiome,Sattolo-deranged assignment,1703,-0.007001796414405075,-0.05393884957139241,-0.2598755068741988,0.11411918425906949,5,5,24,12,288,correctly_specified_synthetic_positive_control,synthetic,"[1701,1702,1703,1704,1705]",4d1a381e79db1580da49e9a7bbb4fd655e7040273dac1aacb24587c604df15a7,d1dbae01c30b716f829058c25f4b1201739057884cb3effe956f9c525e634fbf,200,200,-0.3218987471573355,0.3515228643870487
4,sattolo_deranged_microbiome,Sattolo-deranged assignment,1704,-0.030590284894445586,-0.05393884957139241,-0.2598755068741988,0.11411918425906949,5,5,24,12,288,correctly_specified_synthetic_positive_control,synthetic,"[1701,1702,1703,1704,1705]",4d1a381e79db1580da49e9a7bbb4fd655e7040273dac1aacb24587c604df15a7,d1dbae01c30b716f829058c25f4b1201739057884cb3effe956f9c525e634fbf,200,200,-0.42558601226808945,0.3870378557593882
4,sattolo_deranged_microbiome,Sattolo-deranged assignment,1705,-0.07979475864951434,-0.05393884957139241,-0.2598755068741988,0.11411918425906949,5,5,24,12,288,correctly_specified_synthetic_positive_control,synthetic,"[1701,1702,1703,1704,1705]",4d1a381e79db1580da49e9a7bbb4fd655e7040273dac1aacb24587c604df15a7,d1dbae01c30b716f829058c25f4b1201739057884cb3effe956f9c525e634fbf,200,200,-0.5259942604720054,0.32994573484982803
