bootstrap,spearman_fcs2_gmnps_mean,mean_delta_variance,mean_abs_population_shift
0,0.9998266769519836,26.263002302685727,0.2736571620857702
1,0.9998439622509937,26.27612512248213,0.2696499827918563
2,0.9998415276070678,26.258040269980505,0.25600654591726246
3,0.9998346040829373,26.26080565139701,0.26383796245397456
4,0.999841289368927,26.263024754277673,0.26372726116525896
5,0.9998225055733765,26.276172696664503,0.27539651140350896
6,0.9998537764880149,26.276510453432966,0.25927689970760254
7,0.9998387654234694,26.23886079813732,0.26310548297595854
8,0.9998480133999641,26.27379794671865,0.2593706966645009
9,0.9998282296002613,26.2754326823695,0.26808627864414136
10,0.9998422408317733,26.260785167208144,0.26612737122590446
11,0.9998237954370595,26.28196319504007,0.27720269518085355
12,0.999836432571784,26.25815147964046,0.2698734404916614
13,0.999823953391822,26.278445154104393,0.27697816171756573
14,0.9998549263514344,26.2941321872428,0.25050805997400927
15,0.9998317127965538,26.274002898094,0.26942330054147734
16,0.9998330350284421,26.267392460363876,0.26877512707385764
17,0.9998392098848188,26.266732915204678,0.26819397048949545
18,0.9998150816140586,26.259169566493394,0.2790430703270523
19,0.999825011131661,26.28505166428417,0.27539963618150326
20,0.9998395806503196,26.273958493935456,0.2644966596599525
21,0.9998423278493821,26.262799520251246,0.263843128557505
22,0.9998315073404842,26.25348262984622,0.27030621864847315
23,0.9998368810153375,26.251364627138834,0.26929315579380564
24,0.9998423125403707,26.257635149447694,0.2642042567359759
25,0.9998503381802376,26.27439925005415,0.25289598278102676
26,0.9998324462153741,26.276586718648474,0.2709298413796839
27,0.9998436607350178,26.285786863331168,0.26455970231752235
28,0.9998489451405286,26.267028623781677,0.25411742251462005
29,0.9998456325687382,26.28018065995235,0.2593037832791858
30,0.9998332319726962,26.25974987242798,0.27239150897769127
31,0.9998322371158967,26.262437926142518,0.2681544164825646
32,0.999828507353416,26.279131831384017,0.27362601981806384
33,0.9998399291573293,26.269931294671863,0.26301676536712165
34,0.9998217864826163,26.25808343502274,0.2725553808641977
35,0.9998418590782856,26.291227269872213,0.2588939806367773
36,0.9998319993123348,26.277684517760452,0.27108155057396593
37,0.9998314748316534,26.277331264349144,0.2680166166341782
38,0.9998502920934838,26.2780980568551,0.2633005642841673
39,0.9998273754195638,26.263335130929175,0.26764895786224835
40,0.9998473526235763,26.263424567576347,0.2562407924842974
41,0.9998508338643007,26.27846946848603,0.2562795981698074
42,0.9998335714494959,26.268435174680526,0.2696904369504009
43,0.9998238928438721,26.27332919818064,0.2732164080680096
44,0.9998373224705023,26.27088347325103,0.2653710242365173
45,0.9998457189945132,26.271071456356943,0.26216967124756346
46,0.999829319163095,26.273882622157245,0.26923278713450316
47,0.9998481736406315,26.260731880225254,0.25352032484297177
48,0.9998389275566086,26.255606226120857,0.26733336129521346
49,0.9998370618489785,26.262161106129522,0.25956306397011064
50,0.9998241037953699,26.269695096816115,0.271359079315573
51,0.9998351301364385,26.24874601505306,0.2691937806151181
52,0.9998312963358299,26.285478183885637,0.26153282298029035
53,0.9998476622475179,26.270153556530214,0.25518224833225056
54,0.9998335672641624,26.26743378481698,0.2648464078730779
55,0.9998411492120834,26.27058821940654,0.26380762847086864
56,0.9998440997672314,26.264964481373188,0.26422226445744007
57,0.9998576668562853,26.264098830734245,0.25529221012562286
58,0.9998420719853903,26.282047711717563,0.26794907904483445
59,0.9998394224379935,26.25118169948018,0.2647717143708037
60,0.9998111364005984,26.275307133961448,0.2786033810482999
61,0.9998446230427838,26.282101118042018,0.2602905166991555
62,0.9998331843939882,26.254705359974007,0.2678626005306478
63,0.9998356581468945,26.255396371236735,0.2694163100606456
64,0.9998491894640903,26.284278662984622,0.2586295558371239
65,0.9998462098985346,26.269034749404373,0.26369637143166574
66,0.9998241829403424,26.275629264457443,0.27280535635694186
67,0.9998467656681631,26.272045533571585,0.25464952314273354
68,0.9998506943978009,26.28044572915313,0.259884870738575
69,0.9998293299066388,26.26787242397661,0.2699910993069094
70,0.9998264463201905,26.268070265540395,0.27307093239116326
71,0.9998337039249618,26.279278590426685,0.27312992118258633
72,0.9998381417080254,26.271569447801603,0.26583722051115466
73,0.9998564268749099,26.271062197747455,0.2530710901884342
74,0.9998324197323131,26.25302039170457,0.2697808350660604
75,0.9998420069052167,26.27027394769331,0.2612095294888457
76,0.9998414115143867,26.270821292505957,0.26252446727312123
77,0.9998494054120648,26.28345711241066,0.256323642538445
78,0.9998337663507708,26.270103834957762,0.26824316350444033
79,0.9998447144166274,26.248723253411303,0.258330888769764
80,0.999829135967352,26.28366685596708,0.27204563023608425
81,0.9998337831408927,26.27502063363656,0.26828307884990266
82,0.9998446829735914,26.265443852068444,0.2583701992960799
83,0.9998587963310018,26.246280269547324,0.24667400447260135
84,0.9998396420517949,26.261295093892134,0.2682174208577
85,0.999839461742262,26.28009174193199,0.2710398628654972
86,0.9998303416726543,26.26753490231752,0.26917098500108305
87,0.9998422117599726,26.264383215724493,0.26759558032272046
88,0.9998378246064095,26.28093251072125,0.2674282278644143
89,0.9998526809135944,26.26567989950184,0.2584119359324238
90,0.9998342667050322,26.24546902274204,0.26809571641758734
91,0.9998247049219697,26.26970810266407,0.27254007326185853
92,0.9998383222690086,26.26471716233485,0.26598762581763064
93,0.9998212823873245,26.260043387156163,0.2751449862897987
94,0.999837194235572,26.255994725795972,0.2623624016785794
95,0.9998427305353186,26.2872976302794,0.26254454952350026
96,0.9998242657018586,26.26877591585445,0.27546978249945864
97,0.9998173634687985,26.278981532705217,0.27907164019926384
98,0.9998430566860851,26.255732524258175,0.2600891351310376
99,0.9998494334126381,26.260125243014944,0.26364929534329673
100,0.9998408684828637,26.248967189625297,0.2621471912497294
101,0.9998233611246696,26.250403170348708,0.27738169181286565
102,0.9998280588325327,26.26483285001083,0.2698436276694825
103,0.999848017169239,26.25346040470002,0.2631931783625733
104,0.9998388925904755,26.249804144466104,0.26444908186051563
105,0.9998374115295487,26.291224712908814,0.26842184914446626
106,0.9998426236051503,26.26046809746589,0.2567461687567686
107,0.9998338280616336,26.27255879694607,0.2666536299978343
108,0.9998351490106446,26.264643918345246,0.26858143614901464
109,0.9998440530708174,26.282105713125407,0.2617111705761318
110,0.9998469797248493,26.27679720868529,0.2570318699480184
111,0.9998269677816907,26.26512366309292,0.2728784794130389
112,0.9998465648072506,26.256987039961018,0.255122179553823
113,0.9998289049182381,26.265272199263592,0.26667028615984417
114,0.9998342737862911,26.275168393653885,0.26689087275287
115,0.9998290609897941,26.253010425709334,0.2658528843513105
116,0.9998362806454849,26.271685013103745,0.26844497352176755
117,0.9998525682315748,26.24589201960147,0.25315922121507484
118,0.9998463890327576,26.2665580188434,0.25721408562919656
119,0.9998208044732382,26.282356351310373,0.2796330349577649
120,0.9998349428053803,26.267763038553174,0.2676376617933725
121,0.999848441772215,26.269820493285682,0.25944144413038783
122,0.9998263070835731,26.265321834199696,0.27512228815248013
123,0.9998569529201504,26.28305563103747,0.2520614818605157
124,0.9998343636200057,26.275703443794672,0.26898165505739674
125,0.9998337390631771,26.278053410114797,0.2673165183560755
126,0.9998428795702435,26.266681991661255,0.256074650974659
127,0.9998072394011766,26.270626590859866,0.28326511795538245
128,0.9998393315021249,26.2731380402859,0.2662339853692875
129,0.9998399661298437,26.25553508826078,0.2638205175655189
130,0.9998472744676937,26.272270017543857,0.258845672774529
131,0.999844774852052,26.281392475308643,0.25907015564219205
132,0.9998306549816784,26.260612779510506,0.2774202046675332
133,0.9998357417636989,26.257109509313405,0.26319502507039216
134,0.9998183495788393,26.27490099176955,0.2804465155837125
135,0.9998409443629689,26.27346300801386,0.2600152709876545
136,0.9998558815122682,26.256922182152913,0.2575132529997835
137,0.9998417754269827,26.26788739831059,0.2686425400259911
138,0.9998381362152395,26.254053488304095,0.26328547593675566
139,0.9998461085289293,26.26450232055447,0.26018451323370173
140,0.9998410565172104,26.262903260558808,0.26478248398310605
141,0.9998409387646737,26.26068339733593,0.26076203337665166
142,0.9998269788263281,26.2458159762833,0.2685362835174357
143,0.9998412129413349,26.274583095624862,0.26387159846220504
144,0.9998318773671468,26.270037574182368,0.2687404526424087
145,0.9998304407800863,26.267977219081654,0.27063046998050694
146,0.9998363844781596,26.256232818605156,0.2670970870153781
147,0.9998357488918663,26.26455857537362,0.26834796140350886
148,0.9998369066018549,26.270706038011696,0.266950400194932
149,0.9998070083021966,26.280616198288932,0.2806453468161145
150,0.9998373935536402,26.260104393220708,0.26851506183669066
151,0.9998388428592855,26.24313056281135,0.2660751800194933
152,0.9998239532013516,26.269895905241498,0.2685533946285469
153,0.9998485156026287,26.274674291423,0.25909683569417385
154,0.9998327002846645,26.28446098906216,0.27185687348927895
155,0.9998239284750196,26.262529340047653,0.27557325791639614
156,0.9998131061214834,26.2679008554256,0.2826184384232187
157,0.999839891886566,26.258677137751786,0.2643121959389216
158,0.9998296526544127,26.25309849328568,0.2687250760017329
159,0.9998436579432862,26.24755295061728,0.2626886910439681
160,0.9998488929391276,26.266864998917043,0.26045373076673173
161,0.9998312967490954,26.278033346761966,0.2733045368962531
162,0.9998568008746719,26.241078390838208,0.25024489637210323
163,0.9998383558936589,26.256802170348713,0.26323772664067585
164,0.9998449283309437,26.250981765756983,0.2521597581113279
165,0.999841841401759,26.26195042538445,0.2636636693957116
166,0.9998376271127896,26.283777850335717,0.2673078285683346
167,0.9998208187323417,26.276632351310376,0.2704487552306694
168,0.9998446926847754,26.259525265973576,0.26016501582196244
169,0.9998383409564371,26.27914063905133,0.2655125155837125
170,0.9998269879792403,26.257301070716917,0.27724351137102027
171,0.9998507593976518,26.279489801277887,0.25620252756118705
172,0.9998291158215581,26.288800838314923,0.26532060111544314
173,0.9998298392285127,26.259679746263807,0.27172321581113296
174,0.9998476363325348,26.282190366688326,0.26142354548408075
175,0.9998347458015701,26.279403143491447,0.269479613818497
176,0.9998229558126556,26.252759751028805,0.26858463854234366
177,0.999851710915941,26.274090055988736,0.2593732210742908
178,0.9998477588491278,26.26700420207927,0.25977497285033585
179,0.9998388756304318,26.264995177821095,0.26718605717998717
180,0.9998216648020433,26.255066509096814,0.27824288049599316
181,0.9998324942824822,26.2849022772363,0.2714127459172625
182,0.9998298648162879,26.29125396545376,0.26911699727095534
183,0.9998209745294598,26.250290838314925,0.2742447387264459
184,0.9998391249523634,26.274148076673164,0.2625707515702839
185,0.9998371403773438,26.293435056638508,0.2674327843621401
186,0.9998381922199253,26.259744272471302,0.26222081523716706
187,0.9998256574321486,26.277754430366038,0.2699413820337883
188,0.9998353722377917,26.27274354786658,0.26588087735542576
189,0.9998394610960744,26.259156490903187,0.26268461084037265
190,0.9998581949600226,26.261369249837553,0.2572036633961448
191,0.9998421898178116,26.269609630712587,0.260779869482348
192,0.999839818457841,26.27399406335283,0.2655518950942172
193,0.999840057656208,26.278859203920295,0.26707012988953877
194,0.9998416096839264,26.254344218431882,0.2614384773770848
195,0.9998510041537465,26.279482551223737,0.2556635940112628
196,0.9998323001898005,26.28864422298029,0.2693261182802687
197,0.999833504927893,26.25110285867446,0.2671726091726231
198,0.9998402023661463,26.25889644617717,0.2639292282867664
199,0.9998226133658571,26.24952771529132,0.2708148425059564
200,0.9998460459784448,26.245430880658436,0.26141270315139714
201,0.9998406426876703,26.261162791423004,0.2619922980181938
202,0.9998422668766238,26.264363525882608,0.2615884197855752
203,0.9998382138951859,26.290506497509206,0.26348524555988756
204,0.9998171899971402,26.291308331492313,0.27725143190383383
205,0.9998545222846574,26.264686653454625,0.25620291225904285
206,0.99982610655234,26.249831332358674,0.2738777570825213
207,0.9998047620377025,26.271423038553174,0.28252738467619676
208,0.9998370779936571,26.2702881635261,0.27112674803985287
209,0.9998398052816209,26.24983749924193,0.26153974519168305
210,0.9998346307728158,26.26946049718432,0.26537361552956484
211,0.999841651789776,26.247363069200784,0.26560538486029905
212,0.9998467602065484,26.24936816493394,0.256261004884124
213,0.9998272267247845,26.28718140545809,0.27582440681178266
214,0.9998040390321682,26.260689141000647,0.28154720946502076
215,0.9998360855136103,26.28438698429716,0.26860734055663865
216,0.9998240486717003,26.267007084687027,0.26991930338964715
217,0.9998387593246414,26.259718402209227,0.2614785063461123
218,0.9998395532951423,26.276465772904483,0.2715054148581331
219,0.9998338855261076,26.265337002165907,0.27118680178687476
220,0.9998472225770193,26.253359392787527,0.26247434875460274
221,0.9998407139488793,26.255251047758286,0.26859059983755706
222,0.9998398411818232,26.256434021442494,0.2614383048949536
223,0.9998439365350063,26.2477391350444,0.2575163329542995
224,0.9998272234701582,26.254036208035522,0.2739324068009531
225,0.9998172156729751,26.257571839939352,0.27839395056313637
226,0.9998529907447995,26.266458366255147,0.2611760846545378
227,0.9998326225765946,26.25501312269872,0.2745440566060214
228,0.999837495862788,26.274630214749838,0.26730313824994606
229,0.9998485463348686,26.275353693523932,0.26078103127572033
230,0.9998315238388092,26.250300447909897,0.2661291316764134
231,0.9998294471317529,26.262417094650203,0.2707476871669917
232,0.999829560063355,26.264471909248428,0.27123522038120007
233,0.9998400355481164,26.25290173749188,0.26645137947801617
234,0.9998412897544325,26.26293241509638,0.2667578628438381
235,0.9998452628242087,26.27089330636777,0.2615487362139919
236,0.9998278415129496,26.270837822178905,0.2788676482456142
237,0.9998553098130669,26.285944599631794,0.25323589218107007
238,0.9998375895477813,26.270087574507254,0.26684677695473263
239,0.9998618736526077,26.27381266796621,0.24964602604505107
240,0.9998322707457318,26.27105368507689,0.2660353431448994
241,0.9998394308563362,26.24808609356725,0.2698488002707387
242,0.9998498348051947,26.264720005414773,0.25736284925276176
243,0.999839687942357,26.28791275254494,0.26458155033571595
244,0.9998504842979348,26.271438594433615,0.25589608293264043
245,0.9998169903350728,26.275706433506606,0.27515447059779086
246,0.9998076515718344,26.261424178254277,0.2864134072882826
247,0.9998328812912586,26.28115344931774,0.2692513897011048
248,0.999821075262745,26.267601072882826,0.27721153574832164
249,0.9998222676337551,26.285458000108296,0.2708818852826512
250,0.9998350728966632,26.2566015734243,0.2694603454732512
251,0.9998306621498851,26.268773588910552,0.2706236722113929
252,0.9998396546656532,26.276137905782978,0.26566984692441
253,0.999832929506081,26.268385811349358,0.2713011652913148
254,0.9998437318589488,26.252240089235432,0.259713762064111
255,0.9998282264008054,26.25417720446177,0.26794515871778224
256,0.9998357504418942,26.257621520684424,0.27099288267273136
257,0.9998438391866564,26.262700243448126,0.2593837885423437
258,0.9998359164516915,26.257655527831925,0.26810954261425185
259,0.9998420062297932,26.27175460753736,0.260637504624215
260,0.9998151669007282,26.261639863656054,0.27609119315572894
261,0.9998508885679607,26.26303692137752,0.25947257873077767
262,0.9998350864149731,26.258481570067143,0.266997708652805
263,0.9998344122074132,26.258545664067576,0.26251234128221806
264,0.9998348376736177,26.26283131968811,0.2637045529456359
265,0.9998378964434921,26.272278961446826,0.2598902589343732
266,0.9998361909554709,26.281448374269008,0.265490344011263
267,0.9998431104738317,26.28878171604938,0.26195376690491684
268,0.9998484047150963,26.26105337156162,0.2562838254710853
269,0.9998467528544089,26.247339628763267,0.25857668116742494
270,0.9998377746615499,26.264699729044832,0.2632225640025992
271,0.9998385540903723,26.26752721929825,0.2600438709226772
272,0.999853585788204,26.257371378925708,0.25427834310158126
273,0.9998443986929064,26.27835213287849,0.2608394429499676
274,0.9998417589260834,26.26307786441412,0.2604763885531732
275,0.9998456643158318,26.284748177604506,0.2624920534437949
276,0.9998461662088306,26.265439162768033,0.2610058861273556
277,0.9998456390569201,26.275027584470436,0.26070883248862914
278,0.9998468564828478,26.27092915832792,0.26044227253627916
279,0.9998420990265107,26.247421336365605,0.2643188255577216
280,0.9998425741222011,26.26487637296946,0.2636834156811784
281,0.9998359628032278,26.251102509963182,0.27003837669482367
282,0.9998380835440226,26.276660893112407,0.2664911715399611
283,0.9998457298550972,26.262316448451376,0.2662489802685728
284,0.9998434663950261,26.247863453649558,0.2630207699263593
285,0.9998140292132912,26.262570647498375,0.2807669542884992
286,0.9998378314291563,26.272379645224174,0.26430240924842985
287,0.9998395674555726,26.263150263807667,0.27402012270955184
288,0.9998313076086981,26.25794351256227,0.27032364959930716
289,0.9998464621612478,26.27960337416071,0.2568542692224389
290,0.9998402089997935,26.26474454169374,0.26124473371236745
291,0.999827298630209,26.268108865063894,0.27446658572666244
292,0.9998452649557042,26.25887082553606,0.25856360495993086
293,0.9998248023891401,26.264246241282216,0.27605518089668635
294,0.9998494634279921,26.26333795408274,0.25702042125839303
295,0.9998015649319342,26.273642558587827,0.2858434555663852
296,0.9998422758833304,26.271796938055015,0.26574865732077124
297,0.9998399290472736,26.29331050216591,0.2605869257201648
298,0.9998543656458323,26.272522002274204,0.2507617590210095
299,0.9998401569353031,26.26331871918995,0.26323817629413054
300,0.9998149712657132,26.251100812432313,0.27796835743989623
301,0.999844305106139,26.25686213569417,0.26161231326619033
302,0.9998341286737763,26.293156599956685,0.2718647927550359
303,0.9998392222561497,26.287415040935674,0.26755342988953884
304,0.9998265429810622,26.26192677377085,0.2681716738683129
305,0.9998441546379929,26.24463245245831,0.25973161967727976
306,0.9998234247551543,26.264341097682475,0.27455875486246495
307,0.999831545612943,26.267597503682044,0.2679460267381418
308,0.9998377553675232,26.266910433831494,0.26215301770630295
309,0.9998459005525057,26.26233142776695,0.26489639066493403
310,0.9998507599778927,26.281516301819362,0.2559757511479317
311,0.9998410148851351,26.24392455230669,0.25802520650855554
312,0.9998390807952836,26.290171891596277,0.2605784870586963
313,0.9998340958260461,26.27861510829543,0.27182125086636366
314,0.99982249917201,26.289802508663634,0.27443652408490377
315,0.9998512731875305,26.267496694282002,0.2602256236950402
316,0.9998439240279613,26.26336465258826,0.2639732371994803
317,0.9998333047997412,26.27476857862248,0.2693374298462206
318,0.9998430221945314,26.27206760331384,0.26183864553822844
319,0.9998244663303066,26.265679759367554,0.2719795577972711
320,0.9998323493097413,26.248994911739228,0.2686567708901886
321,0.9998504569590949,26.261607351743557,0.2585879024799655
322,0.9998459150234701,26.285359644682696,0.26097580230669276
323,0.9998357572955447,26.258881984080574,0.2640322387047868
324,0.9998373297820833,26.27052983766515,0.2661886716157679
325,0.999822084139084,26.27335389267923,0.2773202092592594
326,0.9998270697796094,26.269970941845354,0.2640372944011265
327,0.9998177360013826,26.27454967792939,0.2750322772796189
328,0.9998575799865459,26.272403178795756,0.2525041105046569
329,0.9998339088739663,26.28700332304527,0.2667000747238468
330,0.9998391920448295,26.26055104006931,0.26820242518951715
331,0.999850886729676,26.275402598657138,0.25472772001299565
332,0.9998346516946597,26.261639077431234,0.2669513554905785
333,0.9998321317646217,26.274864512887156,0.27104841131687263
334,0.9998515583898612,26.277182017652155,0.26101426674247363
335,0.9998390525554517,26.262763669698938,0.2632490387372755
336,0.999820697852058,26.254256877842757,0.27891991194498617
337,0.9998386458302503,26.2783605521984,0.26256998466536724
338,0.9998512183312881,26.261980703703706,0.2565422676738143
339,0.9998396891624984,26.26459427626164,0.26490687235217697
340,0.9998471195063434,26.276583358241282,0.25588407792939155
341,0.9998415677787424,26.255380374702188,0.2617857209118477
342,0.9998498266277315,26.28330358013862,0.2585993774420622
343,0.9998420084106671,26.278504935889107,0.26549793870478683
344,0.9998264350182866,26.283730677604503,0.26783786872428
345,0.9998294437258733,26.263196164284167,0.2718575970327054
346,0.9998336806479482,26.265184041585446,0.2673857603855319
347,0.9998282974223847,26.276525365497076,0.27432609173705885
348,0.9998370775789344,26.265783272579597,0.2692408530214427
349,0.9998439219181271,26.275113928416722,0.2612975805176523
350,0.9998470355066766,26.259449362897982,0.2590317624323155
351,0.9998251803908187,26.278483308966862,0.2725316411522635
352,0.9998396140382282,26.266843561295214,0.2643490737925061
353,0.9998428104002349,26.265667305284815,0.25703589599306925
354,0.9998343597871873,26.2604970355209,0.2699201738899721
355,0.9998326457462922,26.280634485921592,0.2723001129629631
356,0.9998074619074295,26.28258185661685,0.28129923468702633
357,0.9998261256978954,26.276437331925493,0.2685285860082306
358,0.9998404269282237,26.294189455815467,0.26282260591293066
359,0.9998366192282788,26.264396836257312,0.2658681069742258
360,0.9998315496760725,26.251626727636992,0.2703283564435783
361,0.9998433688707574,26.234896217457223,0.261452500216591
362,0.9998204909931432,26.27013709930691,0.2796635987221141
363,0.9998417864717052,26.272873831817197,0.26299781760883706
364,0.9998241089079669,26.23807943534763,0.2760415349469354
365,0.9998414463912914,26.249238997942385,0.26103940277236326
366,0.9998542821501637,26.27682263883474,0.25512983721030985
367,0.9998217649319403,26.26983040231752,0.2722721700346547
368,0.9998236095523277,26.268890184102233,0.2664999369720599
369,0.999841599993375,26.281510698180636,0.26200597802685743
370,0.9998399664994762,26.259090592592592,0.2674551554797489
371,0.9998325727725706,26.26830741444661,0.2713148169049168
372,0.9998368290685128,26.27804126261642,0.26860353912713897
373,0.9998476666686441,26.27827568052848,0.2593233057396579
374,0.9998491565349077,26.267074886073207,0.26326533895386633
375,0.9998366599938117,26.264154239224602,0.2652600917478884
376,0.999840037697217,26.305534231319037,0.26747139359974026
377,0.9998575590202946,26.27029069341564,0.2486851947801604
378,0.9998609744502409,26.24741783907299,0.2530637925167859
379,0.9998421891690126,26.291850950508987,0.2596477728070177
380,0.9998446302355548,26.24688437372753,0.2592221435889107
381,0.9998387161720235,26.268917957981373,0.262735315973576
382,0.999830516995201,26.26267614901451,0.2679182224171542
383,0.9998406140575128,26.26253708024691,0.26215055017327277
384,0.9998337119792432,26.261926663201212,0.26913520311890854
385,0.9998221770621267,26.267284952458304,0.275308589008014
386,0.9998288786994111,26.262514136127354,0.27081246405674697
387,0.9998491647833323,26.269315972709553,0.261200579911198
388,0.9998377345269873,26.295201759475848,0.26863228791423016
389,0.999850830226052,26.25349186603855,0.25356599870045504
390,0.9998351167309893,26.275639831167425,0.26411984693523954
391,0.9998277292642594,26.259966340589127,0.2768701489603641
392,0.9998335534301602,26.24489913580247,0.26677932212475647
393,0.9998187576179497,26.26964947325103,0.27860194988087517
394,0.99983770597699,26.278602995451593,0.26946181363439475
395,0.9998350300594385,26.2790621160927,0.26505362065193866
396,0.9998270946891769,26.27103609064327,0.26955633477366264
397,0.999844121698844,26.263415453108077,0.2644153459930693
398,0.9998400559813663,26.25733188813082,0.26571418961446847
399,0.9998438136658718,26.25022430593459,0.2597782993610571
400,0.999832006194375,26.251945771604934,0.2705019675871779
401,0.9998405248432353,26.28273480344379,0.261437815074724
402,0.9998456174416961,26.268786978665798,0.2623757315789475
403,0.9998202762680625,26.278079689950182,0.2776164740415856
404,0.999843834121354,26.275736396361275,0.2622256112952135
405,0.9998209192887293,26.232547783842325,0.27299821010396386
406,0.99986107034302,26.26602799891705,0.25105698111327723
407,0.999839714676492,26.273097929932856,0.26261498587827614
408,0.9998191151499253,26.270337713558586,0.2761810272904485
409,0.9998322339996526,26.276877636777126,0.26897018998267286
410,0.9998362054210761,26.26406175860949,0.26309615568551026
411,0.9998393410954166,26.25209552869829,0.2581767769547327
412,0.9998548300211565,26.26068701093784,0.25246281969893886
413,0.9998066817168774,26.287086266948233,0.2872423229478018
414,0.999835931307452,26.266534007797272,0.2698015845679014
415,0.9998434171109313,26.255386908706953,0.26504147648906234
416,0.9998405062860206,26.24931743491445,0.26364518793588926
417,0.9998368740111941,26.265702609594975,0.26504487879575506
418,0.9998574698077104,26.276270695581545,0.2549851487979209
419,0.9998398446578936,26.264771910981157,0.26796307019709786
420,0.9998330203908735,26.256168894303663,0.26558312981373206
421,0.999840171530492,26.26756834968594,0.26528823162226567
422,0.999849802972298,26.279670243664718,0.2614828134719517
423,0.9998319011243139,26.25090357450726,0.265495960049816
424,0.9998469864965048,26.274957995235,0.25963502727961896
425,0.9998165013230792,26.281043556746805,0.27756292016460915
426,0.9998333958297502,26.27316353432965,0.26963460024907965
427,0.9998324622672597,26.262932339181287,0.2727918242365174
428,0.9998436442165004,26.255686229478016,0.2647265841455493
429,0.9998441468458943,26.249588335066058,0.26310113561836707
430,0.9998498849563776,26.274981735434263,0.26248764463937646
431,0.9998348040509186,26.279945710742904,0.26901672115009767
432,0.9998350291148584,26.26068650996318,0.27030658034437965
433,0.9998386953522416,26.277868873835825,0.26327780164609066
434,0.9998279918702043,26.257540956681826,0.2741007336907084
435,0.9998408628823074,26.276546278319255,0.26514129422785376
436,0.9998486825378813,26.27520591282218,0.2595949772363008
437,0.9998284046612423,26.255326979965343,0.269931325904267
438,0.9998482902369779,26.269992511587613,0.26676064180203607
439,0.9998254096684613,26.24063135802469,0.27322015164609065
440,0.9998329413911873,26.265442628113494,0.2666642683885641
441,0.9998372512673517,26.262207173164395,0.2672653840155948
442,0.9998291528691896,26.250874150855534,0.273115241520468
443,0.9998354263912557,26.28650286625514,0.26168684792072794
444,0.9998311300050954,26.25607957136669,0.2780226690275073
445,0.9998310301529187,26.27324775947585,0.27033295446177186
446,0.9998376839047634,26.26013888412389,0.2643682892029458
447,0.9998467936034836,26.248156396361274,0.26613868311674255
448,0.9998441057230579,26.275191107753955,0.26246403910547994
449,0.9998224981439406,26.260353186484732,0.2733222894303661
450,0.9998434471370516,26.26900099740091,0.26334796735975763
451,0.9998431636878444,26.27821718940871,0.2623325057179988
452,0.999836114772928,26.27071356497726,0.27065737745289165
453,0.9998292791166151,26.256068922352178,0.272624941401343
454,0.9998511539587146,26.247379402209226,0.2580100236300629
455,0.9998376999609995,26.258347939246267,0.26620741020142963
456,0.9998412485115995,26.266522135585877,0.2688177804635046
457,0.9998504035497566,26.263878723521767,0.2534904435780812
458,0.9998386461845474,26.25889496632012,0.2602832857483216
459,0.9998366943564581,26.25633904191033,0.27052190974658885
460,0.9998512402849075,26.27983548126489,0.2598667409356727
461,0.9998412562891303,26.255955829434697,0.26253730260992
462,0.9998211985911855,26.258614583495774,0.27480664326402443
463,0.9998369673822488,26.263367147931557,0.2591241947693309
464,0.9998477148686362,26.276328988737276,0.2547239359974011
465,0.9998337677721854,26.2716622630496,0.26603292198397244
466,0.9998386581101951,26.26856615594542,0.2647463784708686
467,0.9998415050191999,26.249513199371886,0.27178205949750933
468,0.9998523273027438,26.25386056822612,0.25396149907948906
469,0.9998269674892752,26.275453534221356,0.27230595877193
470,0.9998289529599956,26.28200394520251,0.26919585823045283
471,0.999833299925129,26.25631180279402,0.26705781118691807
472,0.9998379968481849,26.2661756089452,0.2631442287740958
473,0.9998103190468355,26.277961586961233,0.28150178856400276
474,0.9998388689552705,26.285666476499895,0.26329189816980736
475,0.9998277792631982,26.265206601797704,0.2788998359107647
476,0.9998301195609963,26.268250683885643,0.2723527905891273
477,0.999828118773284,26.269214379358893,0.27232113143816344
478,0.9998151012120875,26.279820642516786,0.27692848494693534
479,0.9998382448670021,26.27413228243448,0.2678420028265109
480,0.9998293263687676,26.28257630853368,0.2741041697855752
481,0.9998330954041363,26.27273953855317,0.2642584217890407
482,0.999833891513312,26.246975568659305,0.26494457372752883
483,0.9998274659837567,26.24705278081005,0.27427755545808985
484,0.9998286522823883,26.287231235109378,0.2663928451158762
485,0.9998359138966669,26.273386254602556,0.2626804324886291
486,0.9998406999542079,26.29056608078839,0.2657198453757853
487,0.9998160749659653,26.26787553108079,0.2789340568117827
488,0.9998383345613215,26.265580553389647,0.262852747205978
489,0.9998262738597941,26.26758808273771,0.27531094889538676
490,0.999840395733721,26.260311694931772,0.2593732047649991
491,0.9998389752613048,26.266981743231533,0.25823198995018426
492,0.9998271198460326,26.277613380441846,0.2715635171539963
493,0.9998517230671432,26.262512132120424,0.253264656519385
494,0.9998180260032663,26.25862462897986,0.2844509482997619
495,0.9998236435087524,26.267103278752433,0.27685901590859885
496,0.9998481218122726,26.262147672189734,0.2567114920077975
497,0.9998274234126668,26.25584332824345,0.2736718120532815
498,0.9998368637191509,26.286759292072777,0.27120337809183465
499,0.9998448043486186,26.269863245614033,0.2584592358999352
