model,individual_response_spearman,personalized_residual_spearman,personalized_residual_defined,nps_preservation_spearman,delta_cap,seed
anchored GMNPS cap 8,0.9361768267671456,0.38362755167489926,True,0.9998949839847682,8.0,42
anchored GMNPS cap 12,0.9396519724468377,0.383150323582682,True,0.999852975372771,12.0,42
anchored GMNPS cap 15,0.9397640769603933,0.38197201386162283,True,0.999852975372771,15.0,42
anchored GMNPS cap 8,0.9414667354745626,0.3205393109956594,True,0.9997479430311219,8.0,43
anchored GMNPS cap 12,0.9437819862985292,0.3195182161145609,True,0.9997479430311219,12.0,43
anchored GMNPS cap 15,0.9438559321936492,0.3184161131782635,True,0.9997479430311219,15.0,43
anchored GMNPS cap 8,0.9430728982864094,0.3698184915684122,True,0.9997479430311219,8.0,44
anchored GMNPS cap 12,0.9465984497181786,0.36923783293873913,True,0.9997479430311219,12.0,44
anchored GMNPS cap 15,0.9470001586402507,0.3675295600874646,True,0.9997479430311219,15.0,44
anchored GMNPS cap 8,0.9296204224688354,0.4068089146345554,True,0.9999399921989318,8.0,45
anchored GMNPS cap 12,0.9353051535167906,0.4073271194412453,True,0.9999399921989318,12.0,45
anchored GMNPS cap 15,0.9367715268761057,0.40725275351059176,True,0.9999399921989318,15.0,45
anchored GMNPS cap 8,0.9291608126393021,0.3765336575361838,True,0.9998949839847682,8.0,46
anchored GMNPS cap 12,0.9331993660828403,0.3745243860035173,True,0.9998949839847682,12.0,46
anchored GMNPS cap 15,0.9338267448328668,0.37288106330654286,True,0.9998949839847682,15.0,46
anchored GMNPS cap 8,0.9273786664941978,0.3638276288242714,True,0.9996398991600921,8.0,47
anchored GMNPS cap 12,0.9315510500276097,0.36416768408157024,True,0.9995798715434968,12.0,47
anchored GMNPS cap 15,0.9327925611588428,0.3642581763624276,True,0.9995198439269017,15.0,47
anchored GMNPS cap 8,0.9369734510842574,0.4114186425308838,True,0.9996849409247828,8.0,48
anchored GMNPS cap 12,0.9411388505049134,0.41151812910413504,True,0.9996609360036415,12.0,48
anchored GMNPS cap 15,0.9417985911994137,0.4112984307969761,True,0.9996609360036415,15.0,48
anchored GMNPS cap 8,0.9398501761953414,0.38564791628760015,True,0.9998919833651232,8.0,49
anchored GMNPS cap 12,0.9428381399340431,0.3858713053228864,True,0.9998919833651232,12.0,49
anchored GMNPS cap 15,0.9429633871056959,0.38591863104999413,True,0.9998919833651232,15.0,49
anchored GMNPS cap 8,0.9321785061709694,0.4193073843790675,True,0.9998949839847682,8.0,50
anchored GMNPS cap 12,0.9373835939779289,0.4193114459382569,True,0.9998829815241975,12.0,50
anchored GMNPS cap 15,0.93937488732564,0.4187566645284677,True,0.9998829815241975,15.0,50
anchored GMNPS cap 8,0.9478472680165501,0.37612020830844667,True,0.9998949839847682,8.0,51
anchored GMNPS cap 12,0.9501636365473165,0.3748835452588635,True,0.9998949839847682,12.0,51
anchored GMNPS cap 15,0.9496769500580707,0.37305320670603115,True,0.9998949839847682,15.0,51
anchored GMNPS cap 8,0.9311644975177377,0.3756824217220704,True,0.9999399921989318,8.0,52
anchored GMNPS cap 12,0.9357137176061846,0.37469075113090466,True,0.9999399921989318,12.0,52
anchored GMNPS cap 15,0.9370583310712814,0.37309613385076873,True,0.9999399921989318,15.0,52
anchored GMNPS cap 8,0.9464264045196528,0.3418837115852993,True,0.9995048278973437,8.0,53
anchored GMNPS cap 12,0.9484125390171398,0.34051152002617313,True,0.9994928207516203,12.0,53
anchored GMNPS cap 15,0.9483072012671716,0.33961304909103085,True,0.9994928207516203,15.0,53
