food_group,n_foods,FCS2_mean,GMNPS_mean,GMNPS_sd_mean,delta_var_mean,MAC_variance_mean,LIPID_variance_mean,dominant_channel,mac_fraction,lipid_fraction
0000_Beverages,406,32.3423645320197,32.98865,4.489931,27.138771,2.864312,2.2285142,MAC,0.562420920627529,0.437579079372471
1000_Grains,995,35.77085427135678,35.847973,5.0397367,26.330084,1.2829746,5.66098,LIPID,0.18476137502396686,0.8152386249760332
2000_Fruit,242,70.53719008264463,70.15605,4.7400603,26.601656,4.65419,2.4210954,MAC,0.6578095068786907,0.34219049312130934
3000_Vegetables,1464,76.14890710382514,75.63596,4.5509024,26.218576,5.0568223,4.4551163,MAC,0.5316289888582755,0.4683710111417245
4000_LegNut,312,80.84294871794872,80.63225,4.8835793,26.35668,1.5723814,4.4246635,LIPID,0.26219270094175884,0.7378072990582412
5000_MPE,1068,44.054307116104866,44.2072,4.8904366,25.56919,0.87554973,3.3469782,LIPID,0.20735202810132744,0.7926479718986725
5800_Seafood,330,80.53636363636363,80.320526,4.7909684,25.432247,0.2599125,2.2940478,LIPID,0.10176841824831812,0.8982315817516819
6000_Dairy,319,44.56739811912226,44.590744,5.0725317,25.998083,0.29027224,7.4353204,LIPID,0.03757281201924724,0.9624271879807528
7000_Fats Oils,178,24.8876404494382,25.303625,4.7281747,26.920624,1.0377785,6.494991,LIPID,0.13776851926771422,0.8622314807322857
8000_Mixed,2537,44.07134410721324,44.07758,5.055103,26.407017,5.063603,5.5499077,LIPID,0.4770902996310165,0.5229097003689835
8600_SauceCondiment,193,46.8860103626943,46.932148,4.9259195,26.496883,3.8403234,4.8018575,LIPID,0.44436970765099354,0.5556302923490064
9000_SavorySweet,1190,18.376470588235293,18.912497,4.537858,26.381943,1.7040619,8.13105,LIPID,0.17326309220742064,0.8267369077925794
