individual_id,food_id,GMNPS_delta,individual_order,food_order,food_name,food_group,FCS2,GMNPS_mean,dominant_channel
S48_a_WGS,72125215,9.031773,0,0,"Spinach, cooked, NS as to form, made with butter",3000_Vegetables,96.0,94.49344,LIPID
EGAR00001420265_9002000001244866,72125215,9.031774,1,0,"Spinach, cooked, NS as to form, made with butter",3000_Vegetables,96.0,94.49344,LIPID
DOM016,72125215,9.031774,2,0,"Spinach, cooked, NS as to form, made with butter",3000_Vegetables,96.0,94.49344,LIPID
SAMD00164953,72125215,9.031772,3,0,"Spinach, cooked, NS as to form, made with butter",3000_Vegetables,96.0,94.49344,LIPID
HSM67VG2_P,72125215,9.031774,4,0,"Spinach, cooked, NS as to form, made with butter",3000_Vegetables,96.0,94.49344,LIPID
MM010,72125215,9.031774,5,0,"Spinach, cooked, NS as to form, made with butter",3000_Vegetables,96.0,94.49344,LIPID
MSMA26EL,72125215,9.0317745,6,0,"Spinach, cooked, NS as to form, made with butter",3000_Vegetables,96.0,94.49344,LIPID
P22E7,72125215,9.0317745,7,0,"Spinach, cooked, NS as to form, made with butter",3000_Vegetables,96.0,94.49344,LIPID
HSM6XRQO,72125215,9.0317745,8,0,"Spinach, cooked, NS as to form, made with butter",3000_Vegetables,96.0,94.49344,LIPID
EGAR00001763372_1000IBD00010,72125215,9.031772,9,0,"Spinach, cooked, NS as to form, made with butter",3000_Vegetables,96.0,94.49344,LIPID
CSM67UBZ,72125215,9.031775,10,0,"Spinach, cooked, NS as to form, made with butter",3000_Vegetables,96.0,94.49344,LIPID
CSM79HR4,72125215,9.031772,11,0,"Spinach, cooked, NS as to form, made with butter",3000_Vegetables,96.0,94.49344,LIPID
SKST027_11_G102996,72125215,9.031772,12,0,"Spinach, cooked, NS as to form, made with butter",3000_Vegetables,96.0,94.49344,LIPID
CRC_MR_SBJ01C_17,72125215,9.0317745,13,0,"Spinach, cooked, NS as to form, made with butter",3000_Vegetables,96.0,94.49344,LIPID
DHAK_C22_M,72125215,9.031772,14,0,"Spinach, cooked, NS as to form, made with butter",3000_Vegetables,96.0,94.49344,LIPID
SAMD00164937,72125215,9.031771,15,0,"Spinach, cooked, NS as to form, made with butter",3000_Vegetables,96.0,94.49344,LIPID
PSM7J13K,72125215,9.031776,16,0,"Spinach, cooked, NS as to form, made with butter",3000_Vegetables,96.0,94.49344,LIPID
MSM79H6B,72125215,9.031771,17,0,"Spinach, cooked, NS as to form, made with butter",3000_Vegetables,96.0,94.49344,LIPID
MSM6J2II,72125215,9.031771,18,0,"Spinach, cooked, NS as to form, made with butter",3000_Vegetables,96.0,94.49344,LIPID
SAMD00114725,72125215,9.031771,19,0,"Spinach, cooked, NS as to form, made with butter",3000_Vegetables,96.0,94.49344,LIPID
SID5412-2,72125215,9.031771,20,0,"Spinach, cooked, NS as to form, made with butter",3000_Vegetables,96.0,94.49344,LIPID
CSM67UAA,72125215,9.031776,21,0,"Spinach, cooked, NS as to form, made with butter",3000_Vegetables,96.0,94.49344,LIPID
MSM6J2SE,72125215,9.031777,22,0,"Spinach, cooked, NS as to form, made with butter",3000_Vegetables,96.0,94.49344,LIPID
V1_UC5_3,72125215,9.031777,23,0,"Spinach, cooked, NS as to form, made with butter",3000_Vegetables,96.0,94.49344,LIPID
V1_UC52_1,72125215,9.031769,24,0,"Spinach, cooked, NS as to form, made with butter",3000_Vegetables,96.0,94.49344,LIPID
SAMD00114960,72125215,9.031769,25,0,"Spinach, cooked, NS as to form, made with butter",3000_Vegetables,96.0,94.49344,LIPID
O2.UC7-0,72125215,9.031777,26,0,"Spinach, cooked, NS as to form, made with butter",3000_Vegetables,96.0,94.49344,LIPID
PSM7J13Y_P,72125215,9.031768,27,0,"Spinach, cooked, NS as to form, made with butter",3000_Vegetables,96.0,94.49344,LIPID
H3M518116,72125215,9.031777,28,0,"Spinach, cooked, NS as to form, made with butter",3000_Vegetables,96.0,94.49344,LIPID
CSM5FZ3V_P,72125215,9.031777,29,0,"Spinach, cooked, NS as to form, made with butter",3000_Vegetables,96.0,94.49344,LIPID
SAMD00114931,72125215,9.031778,30,0,"Spinach, cooked, NS as to form, made with butter",3000_Vegetables,96.0,94.49344,LIPID
V1.FI10,72125215,9.031768,31,0,"Spinach, cooked, NS as to form, made with butter",3000_Vegetables,96.0,94.49344,LIPID
MSM79H69,72125215,9.031778,32,0,"Spinach, cooked, NS as to form, made with butter",3000_Vegetables,96.0,94.49344,LIPID
SZAXPI003431-1,72125215,9.031768,33,0,"Spinach, cooked, NS as to form, made with butter",3000_Vegetables,96.0,94.49344,LIPID
SKST025_9_G103021,72125215,9.031768,34,0,"Spinach, cooked, NS as to form, made with butter",3000_Vegetables,96.0,94.49344,LIPID
MSM9VZEW,72125215,9.031768,35,0,"Spinach, cooked, NS as to form, made with butter",3000_Vegetables,96.0,94.49344,LIPID
PSM6XBUG,72125215,9.031768,36,0,"Spinach, cooked, NS as to form, made with butter",3000_Vegetables,96.0,94.49344,LIPID
SAMD00114930,72125215,9.031779,37,0,"Spinach, cooked, NS as to form, made with butter",3000_Vegetables,96.0,94.49344,LIPID
LILT_VF107_16,72125215,9.031779,38,0,"Spinach, cooked, NS as to form, made with butter",3000_Vegetables,96.0,94.49344,LIPID
SAMEA104142424,72125215,9.031779,39,0,"Spinach, cooked, NS as to form, made with butter",3000_Vegetables,96.0,94.49344,LIPID
H2M415914,72125215,9.031779,40,0,"Spinach, cooked, NS as to form, made with butter",3000_Vegetables,96.0,94.49344,LIPID
SID180_4M,72125215,9.031779,41,0,"Spinach, cooked, NS as to form, made with butter",3000_Vegetables,96.0,94.49344,LIPID
P11E7,72125215,9.031779,42,0,"Spinach, cooked, NS as to form, made with butter",3000_Vegetables,96.0,94.49344,LIPID
CSM5FZ4M,72125215,9.031767,43,0,"Spinach, cooked, NS as to form, made with butter",3000_Vegetables,96.0,94.49344,LIPID
MSM9VZO2,72125215,9.031779,44,0,"Spinach, cooked, NS as to form, made with butter",3000_Vegetables,96.0,94.49344,LIPID
CSM79HI7,72125215,9.031779,45,0,"Spinach, cooked, NS as to form, made with butter",3000_Vegetables,96.0,94.49344,LIPID
PSM7J1CS_P,72125215,9.031766,46,0,"Spinach, cooked, NS as to form, made with butter",3000_Vegetables,96.0,94.49344,LIPID
H2M514905,72125215,9.031766,47,0,"Spinach, cooked, NS as to form, made with butter",3000_Vegetables,96.0,94.49344,LIPID
S48_a_WGS,63200200,-9.652842,0,1,"Berries, frozen, NFS",2000_Fruit,97.0,95.8683,LIPID
EGAR00001420265_9002000001244866,63200200,-9.652843,1,1,"Berries, frozen, NFS",2000_Fruit,97.0,95.8683,LIPID
DOM016,63200200,-9.652843,2,1,"Berries, frozen, NFS",2000_Fruit,97.0,95.8683,LIPID
SAMD00164953,63200200,-9.65284,3,1,"Berries, frozen, NFS",2000_Fruit,97.0,95.8683,LIPID
HSM67VG2_P,63200200,-9.652845,4,1,"Berries, frozen, NFS",2000_Fruit,97.0,95.8683,LIPID
MM010,63200200,-9.652843,5,1,"Berries, frozen, NFS",2000_Fruit,97.0,95.8683,LIPID
MSMA26EL,63200200,-9.652847,6,1,"Berries, frozen, NFS",2000_Fruit,97.0,95.8683,LIPID
P22E7,63200200,-9.652847,7,1,"Berries, frozen, NFS",2000_Fruit,97.0,95.8683,LIPID
HSM6XRQO,63200200,-9.652849,8,1,"Berries, frozen, NFS",2000_Fruit,97.0,95.8683,LIPID
EGAR00001763372_1000IBD00010,63200200,-9.652836,9,1,"Berries, frozen, NFS",2000_Fruit,97.0,95.8683,LIPID
CSM67UBZ,63200200,-9.652849,10,1,"Berries, frozen, NFS",2000_Fruit,97.0,95.8683,LIPID
CSM79HR4,63200200,-9.652836,11,1,"Berries, frozen, NFS",2000_Fruit,97.0,95.8683,LIPID
SKST027_11_G102996,63200200,-9.652836,12,1,"Berries, frozen, NFS",2000_Fruit,97.0,95.8683,LIPID
CRC_MR_SBJ01C_17,63200200,-9.652849,13,1,"Berries, frozen, NFS",2000_Fruit,97.0,95.8683,LIPID
DHAK_C22_M,63200200,-9.652836,14,1,"Berries, frozen, NFS",2000_Fruit,97.0,95.8683,LIPID
SAMD00164937,63200200,-9.652834,15,1,"Berries, frozen, NFS",2000_Fruit,97.0,95.8683,LIPID
PSM7J13K,63200200,-9.652853,16,1,"Berries, frozen, NFS",2000_Fruit,97.0,95.8683,LIPID
MSM79H6B,63200200,-9.652834,17,1,"Berries, frozen, NFS",2000_Fruit,97.0,95.8683,LIPID
MSM6J2II,63200200,-9.652834,18,1,"Berries, frozen, NFS",2000_Fruit,97.0,95.8683,LIPID
SAMD00114725,63200200,-9.652832,19,1,"Berries, frozen, NFS",2000_Fruit,97.0,95.8683,LIPID
SID5412-2,63200200,-9.652832,20,1,"Berries, frozen, NFS",2000_Fruit,97.0,95.8683,LIPID
CSM67UAA,63200200,-9.652855,21,1,"Berries, frozen, NFS",2000_Fruit,97.0,95.8683,LIPID
MSM6J2SE,63200200,-9.652855,22,1,"Berries, frozen, NFS",2000_Fruit,97.0,95.8683,LIPID
V1_UC5_3,63200200,-9.652855,23,1,"Berries, frozen, NFS",2000_Fruit,97.0,95.8683,LIPID
V1_UC52_1,63200200,-9.65283,24,1,"Berries, frozen, NFS",2000_Fruit,97.0,95.8683,LIPID
SAMD00114960,63200200,-9.652828,25,1,"Berries, frozen, NFS",2000_Fruit,97.0,95.8683,LIPID
O2.UC7-0,63200200,-9.652857,26,1,"Berries, frozen, NFS",2000_Fruit,97.0,95.8683,LIPID
PSM7J13Y_P,63200200,-9.652826,27,1,"Berries, frozen, NFS",2000_Fruit,97.0,95.8683,LIPID
H3M518116,63200200,-9.652859,28,1,"Berries, frozen, NFS",2000_Fruit,97.0,95.8683,LIPID
CSM5FZ3V_P,63200200,-9.652859,29,1,"Berries, frozen, NFS",2000_Fruit,97.0,95.8683,LIPID
SAMD00114931,63200200,-9.652861,30,1,"Berries, frozen, NFS",2000_Fruit,97.0,95.8683,LIPID
V1.FI10,63200200,-9.652824,31,1,"Berries, frozen, NFS",2000_Fruit,97.0,95.8683,LIPID
MSM79H69,63200200,-9.652861,32,1,"Berries, frozen, NFS",2000_Fruit,97.0,95.8683,LIPID
SZAXPI003431-1,63200200,-9.652824,33,1,"Berries, frozen, NFS",2000_Fruit,97.0,95.8683,LIPID
SKST025_9_G103021,63200200,-9.6528225,34,1,"Berries, frozen, NFS",2000_Fruit,97.0,95.8683,LIPID
MSM9VZEW,63200200,-9.6528225,35,1,"Berries, frozen, NFS",2000_Fruit,97.0,95.8683,LIPID
PSM6XBUG,63200200,-9.6528225,36,1,"Berries, frozen, NFS",2000_Fruit,97.0,95.8683,LIPID
SAMD00114930,63200200,-9.652863,37,1,"Berries, frozen, NFS",2000_Fruit,97.0,95.8683,LIPID
LILT_VF107_16,63200200,-9.652863,38,1,"Berries, frozen, NFS",2000_Fruit,97.0,95.8683,LIPID
SAMEA104142424,63200200,-9.652863,39,1,"Berries, frozen, NFS",2000_Fruit,97.0,95.8683,LIPID
H2M415914,63200200,-9.652864,40,1,"Berries, frozen, NFS",2000_Fruit,97.0,95.8683,LIPID
SID180_4M,63200200,-9.652864,41,1,"Berries, frozen, NFS",2000_Fruit,97.0,95.8683,LIPID
P11E7,63200200,-9.652864,42,1,"Berries, frozen, NFS",2000_Fruit,97.0,95.8683,LIPID
CSM5FZ4M,63200200,-9.652821,43,1,"Berries, frozen, NFS",2000_Fruit,97.0,95.8683,LIPID
MSM9VZO2,63200200,-9.652864,44,1,"Berries, frozen, NFS",2000_Fruit,97.0,95.8683,LIPID
CSM79HI7,63200200,-9.652864,45,1,"Berries, frozen, NFS",2000_Fruit,97.0,95.8683,LIPID
PSM7J1CS_P,63200200,-9.652819,46,1,"Berries, frozen, NFS",2000_Fruit,97.0,95.8683,LIPID
H2M514905,63200200,-9.652817,47,1,"Berries, frozen, NFS",2000_Fruit,97.0,95.8683,LIPID
S48_a_WGS,42202200,9.191822,0,2,"Peanut butter, vitamin and mineral fortified",4000_LegNut,97.0,95.80693,LIPID
EGAR00001420265_9002000001244866,42202200,9.191996,1,2,"Peanut butter, vitamin and mineral fortified",4000_LegNut,97.0,95.80693,LIPID
DOM016,42202200,9.19211,2,2,"Peanut butter, vitamin and mineral fortified",4000_LegNut,97.0,95.80693,LIPID
SAMD00164953,42202200,9.191373,3,2,"Peanut butter, vitamin and mineral fortified",4000_LegNut,97.0,95.80693,LIPID
HSM67VG2_P,42202200,9.192373,4,2,"Peanut butter, vitamin and mineral fortified",4000_LegNut,97.0,95.80693,LIPID
MM010,42202200,9.191989,5,2,"Peanut butter, vitamin and mineral fortified",4000_LegNut,97.0,95.80693,LIPID
MSMA26EL,42202200,9.192633,6,2,"Peanut butter, vitamin and mineral fortified",4000_LegNut,97.0,95.80693,LIPID
P22E7,42202200,9.192556,7,2,"Peanut butter, vitamin and mineral fortified",4000_LegNut,97.0,95.80693,LIPID
HSM6XRQO,42202200,9.192837,8,2,"Peanut butter, vitamin and mineral fortified",4000_LegNut,97.0,95.80693,LIPID
EGAR00001763372_1000IBD00010,42202200,9.190919,9,2,"Peanut butter, vitamin and mineral fortified",4000_LegNut,97.0,95.80693,LIPID
CSM67UBZ,42202200,9.192948,10,2,"Peanut butter, vitamin and mineral fortified",4000_LegNut,97.0,95.80693,LIPID
CSM79HR4,42202200,9.190788,11,2,"Peanut butter, vitamin and mineral fortified",4000_LegNut,97.0,95.80693,LIPID
SKST027_11_G102996,42202200,9.190998,12,2,"Peanut butter, vitamin and mineral fortified",4000_LegNut,97.0,95.80693,LIPID
CRC_MR_SBJ01C_17,42202200,9.192875,13,2,"Peanut butter, vitamin and mineral fortified",4000_LegNut,97.0,95.80693,LIPID
DHAK_C22_M,42202200,9.1909685,14,2,"Peanut butter, vitamin and mineral fortified",4000_LegNut,97.0,95.80693,LIPID
SAMD00164937,42202200,9.190547,15,2,"Peanut butter, vitamin and mineral fortified",4000_LegNut,97.0,95.80693,LIPID
PSM7J13K,42202200,9.193289,16,2,"Peanut butter, vitamin and mineral fortified",4000_LegNut,97.0,95.80693,LIPID
MSM79H6B,42202200,9.190663,17,2,"Peanut butter, vitamin and mineral fortified",4000_LegNut,97.0,95.80693,LIPID
MSM6J2II,42202200,9.190606,18,2,"Peanut butter, vitamin and mineral fortified",4000_LegNut,97.0,95.80693,LIPID
SAMD00114725,42202200,9.190419,19,2,"Peanut butter, vitamin and mineral fortified",4000_LegNut,97.0,95.80693,LIPID
SID5412-2,42202200,9.190453,20,2,"Peanut butter, vitamin and mineral fortified",4000_LegNut,97.0,95.80693,LIPID
CSM67UAA,42202200,9.1935625,21,2,"Peanut butter, vitamin and mineral fortified",4000_LegNut,97.0,95.80693,LIPID
MSM6J2SE,42202200,9.193687,22,2,"Peanut butter, vitamin and mineral fortified",4000_LegNut,97.0,95.80693,LIPID
V1_UC5_3,42202200,9.193689,23,2,"Peanut butter, vitamin and mineral fortified",4000_LegNut,97.0,95.80693,LIPID
V1_UC52_1,42202200,9.189921,24,2,"Peanut butter, vitamin and mineral fortified",4000_LegNut,97.0,95.80693,LIPID
SAMD00114960,42202200,9.189882,25,2,"Peanut butter, vitamin and mineral fortified",4000_LegNut,97.0,95.80693,LIPID
O2.UC7-0,42202200,9.193906,26,2,"Peanut butter, vitamin and mineral fortified",4000_LegNut,97.0,95.80693,LIPID
PSM7J13Y_P,42202200,9.189429,27,2,"Peanut butter, vitamin and mineral fortified",4000_LegNut,97.0,95.80693,LIPID
H3M518116,42202200,9.193947,28,2,"Peanut butter, vitamin and mineral fortified",4000_LegNut,97.0,95.80693,LIPID
CSM5FZ3V_P,42202200,9.194071,29,2,"Peanut butter, vitamin and mineral fortified",4000_LegNut,97.0,95.80693,LIPID
SAMD00114931,42202200,9.194261,30,2,"Peanut butter, vitamin and mineral fortified",4000_LegNut,97.0,95.80693,LIPID
V1.FI10,42202200,9.189235,31,2,"Peanut butter, vitamin and mineral fortified",4000_LegNut,97.0,95.80693,LIPID
MSM79H69,42202200,9.194375,32,2,"Peanut butter, vitamin and mineral fortified",4000_LegNut,97.0,95.80693,LIPID
SZAXPI003431-1,42202200,9.189121,33,2,"Peanut butter, vitamin and mineral fortified",4000_LegNut,97.0,95.80693,LIPID
SKST025_9_G103021,42202200,9.188924,34,2,"Peanut butter, vitamin and mineral fortified",4000_LegNut,97.0,95.80693,LIPID
MSM9VZEW,42202200,9.188923,35,2,"Peanut butter, vitamin and mineral fortified",4000_LegNut,97.0,95.80693,LIPID
PSM6XBUG,42202200,9.188908,36,2,"Peanut butter, vitamin and mineral fortified",4000_LegNut,97.0,95.80693,LIPID
SAMD00114930,42202200,9.1945915,37,2,"Peanut butter, vitamin and mineral fortified",4000_LegNut,97.0,95.80693,LIPID
LILT_VF107_16,42202200,9.194691,38,2,"Peanut butter, vitamin and mineral fortified",4000_LegNut,97.0,95.80693,LIPID
SAMEA104142424,42202200,9.194653,39,2,"Peanut butter, vitamin and mineral fortified",4000_LegNut,97.0,95.80693,LIPID
H2M415914,42202200,9.194748,40,2,"Peanut butter, vitamin and mineral fortified",4000_LegNut,97.0,95.80693,LIPID
SID180_4M,42202200,9.194716,41,2,"Peanut butter, vitamin and mineral fortified",4000_LegNut,97.0,95.80693,LIPID
P11E7,42202200,9.194734,42,2,"Peanut butter, vitamin and mineral fortified",4000_LegNut,97.0,95.80693,LIPID
CSM5FZ4M,42202200,9.188532,43,2,"Peanut butter, vitamin and mineral fortified",4000_LegNut,97.0,95.80693,LIPID
MSM9VZO2,42202200,9.194825,44,2,"Peanut butter, vitamin and mineral fortified",4000_LegNut,97.0,95.80693,LIPID
CSM79HI7,42202200,9.194941,45,2,"Peanut butter, vitamin and mineral fortified",4000_LegNut,97.0,95.80693,LIPID
PSM7J1CS_P,42202200,9.188223,46,2,"Peanut butter, vitamin and mineral fortified",4000_LegNut,97.0,95.80693,LIPID
H2M514905,42202200,9.188039,47,2,"Peanut butter, vitamin and mineral fortified",4000_LegNut,97.0,95.80693,LIPID
S48_a_WGS,51161260,8.888597,0,3,"Roll, sweet, crumb topping, Mexican (Pan Dulce)",1000_Grains,4.0,4.7613077,LIPID
EGAR00001420265_9002000001244866,51161260,8.888661,1,3,"Roll, sweet, crumb topping, Mexican (Pan Dulce)",1000_Grains,4.0,4.7613077,LIPID
DOM016,51161260,8.888729,2,3,"Roll, sweet, crumb topping, Mexican (Pan Dulce)",1000_Grains,4.0,4.7613077,LIPID
SAMD00164953,51161260,8.888434,3,3,"Roll, sweet, crumb topping, Mexican (Pan Dulce)",1000_Grains,4.0,4.7613077,LIPID
HSM67VG2_P,51161260,8.888821,4,3,"Roll, sweet, crumb topping, Mexican (Pan Dulce)",1000_Grains,4.0,4.7613077,LIPID
MM010,51161260,8.888682,5,3,"Roll, sweet, crumb topping, Mexican (Pan Dulce)",1000_Grains,4.0,4.7613077,LIPID
MSMA26EL,51161260,8.88891,6,3,"Roll, sweet, crumb topping, Mexican (Pan Dulce)",1000_Grains,4.0,4.7613077,LIPID
P22E7,51161260,8.888849,7,3,"Roll, sweet, crumb topping, Mexican (Pan Dulce)",1000_Grains,4.0,4.7613077,LIPID
HSM6XRQO,51161260,8.888979,8,3,"Roll, sweet, crumb topping, Mexican (Pan Dulce)",1000_Grains,4.0,4.7613077,LIPID
EGAR00001763372_1000IBD00010,51161260,8.888235,9,3,"Roll, sweet, crumb topping, Mexican (Pan Dulce)",1000_Grains,4.0,4.7613077,LIPID
CSM67UBZ,51161260,8.889044,10,3,"Roll, sweet, crumb topping, Mexican (Pan Dulce)",1000_Grains,4.0,4.7613077,LIPID
CSM79HR4,51161260,8.888171,11,3,"Roll, sweet, crumb topping, Mexican (Pan Dulce)",1000_Grains,4.0,4.7613077,LIPID
SKST027_11_G102996,51161260,8.888225,12,3,"Roll, sweet, crumb topping, Mexican (Pan Dulce)",1000_Grains,4.0,4.7613077,LIPID
CRC_MR_SBJ01C_17,51161260,8.888975,13,3,"Roll, sweet, crumb topping, Mexican (Pan Dulce)",1000_Grains,4.0,4.7613077,LIPID
DHAK_C22_M,51161260,8.888239,14,3,"Roll, sweet, crumb topping, Mexican (Pan Dulce)",1000_Grains,4.0,4.7613077,LIPID
SAMD00164937,51161260,8.888042,15,3,"Roll, sweet, crumb topping, Mexican (Pan Dulce)",1000_Grains,4.0,4.7613077,LIPID
PSM7J13K,51161260,8.889157,16,3,"Roll, sweet, crumb topping, Mexican (Pan Dulce)",1000_Grains,4.0,4.7613077,LIPID
MSM79H6B,51161260,8.888112,17,3,"Roll, sweet, crumb topping, Mexican (Pan Dulce)",1000_Grains,4.0,4.7613077,LIPID
MSM6J2II,51161260,8.888052,18,3,"Roll, sweet, crumb topping, Mexican (Pan Dulce)",1000_Grains,4.0,4.7613077,LIPID
SAMD00114725,51161260,8.888002,19,3,"Roll, sweet, crumb topping, Mexican (Pan Dulce)",1000_Grains,4.0,4.7613077,LIPID
SID5412-2,51161260,8.887981,20,3,"Roll, sweet, crumb topping, Mexican (Pan Dulce)",1000_Grains,4.0,4.7613077,LIPID
CSM67UAA,51161260,8.889195,21,3,"Roll, sweet, crumb topping, Mexican (Pan Dulce)",1000_Grains,4.0,4.7613077,LIPID
MSM6J2SE,51161260,8.889284,22,3,"Roll, sweet, crumb topping, Mexican (Pan Dulce)",1000_Grains,4.0,4.7613077,LIPID
V1_UC5_3,51161260,8.889273,23,3,"Roll, sweet, crumb topping, Mexican (Pan Dulce)",1000_Grains,4.0,4.7613077,LIPID
V1_UC52_1,51161260,8.887742,24,3,"Roll, sweet, crumb topping, Mexican (Pan Dulce)",1000_Grains,4.0,4.7613077,LIPID
SAMD00114960,51161260,8.887752,25,3,"Roll, sweet, crumb topping, Mexican (Pan Dulce)",1000_Grains,4.0,4.7613077,LIPID
O2.UC7-0,51161260,8.889326,26,3,"Roll, sweet, crumb topping, Mexican (Pan Dulce)",1000_Grains,4.0,4.7613077,LIPID
PSM7J13Y_P,51161260,8.887537,27,3,"Roll, sweet, crumb topping, Mexican (Pan Dulce)",1000_Grains,4.0,4.7613077,LIPID
H3M518116,51161260,8.889379,28,3,"Roll, sweet, crumb topping, Mexican (Pan Dulce)",1000_Grains,4.0,4.7613077,LIPID
CSM5FZ3V_P,51161260,8.889411,29,3,"Roll, sweet, crumb topping, Mexican (Pan Dulce)",1000_Grains,4.0,4.7613077,LIPID
SAMD00114931,51161260,8.889445,30,3,"Roll, sweet, crumb topping, Mexican (Pan Dulce)",1000_Grains,4.0,4.7613077,LIPID
V1.FI10,51161260,8.887405,31,3,"Roll, sweet, crumb topping, Mexican (Pan Dulce)",1000_Grains,4.0,4.7613077,LIPID
MSM79H69,51161260,8.889462,32,3,"Roll, sweet, crumb topping, Mexican (Pan Dulce)",1000_Grains,4.0,4.7613077,LIPID
SZAXPI003431-1,51161260,8.88735,33,3,"Roll, sweet, crumb topping, Mexican (Pan Dulce)",1000_Grains,4.0,4.7613077,LIPID
SKST025_9_G103021,51161260,8.887236,34,3,"Roll, sweet, crumb topping, Mexican (Pan Dulce)",1000_Grains,4.0,4.7613077,LIPID
MSM9VZEW,51161260,8.8872595,35,3,"Roll, sweet, crumb topping, Mexican (Pan Dulce)",1000_Grains,4.0,4.7613077,LIPID
PSM6XBUG,51161260,8.887209,36,3,"Roll, sweet, crumb topping, Mexican (Pan Dulce)",1000_Grains,4.0,4.7613077,LIPID
SAMD00114930,51161260,8.889519,37,3,"Roll, sweet, crumb topping, Mexican (Pan Dulce)",1000_Grains,4.0,4.7613077,LIPID
LILT_VF107_16,51161260,8.889576,38,3,"Roll, sweet, crumb topping, Mexican (Pan Dulce)",1000_Grains,4.0,4.7613077,LIPID
SAMEA104142424,51161260,8.8895445,39,3,"Roll, sweet, crumb topping, Mexican (Pan Dulce)",1000_Grains,4.0,4.7613077,LIPID
H2M415914,51161260,8.889559,40,3,"Roll, sweet, crumb topping, Mexican (Pan Dulce)",1000_Grains,4.0,4.7613077,LIPID
SID180_4M,51161260,8.889571,41,3,"Roll, sweet, crumb topping, Mexican (Pan Dulce)",1000_Grains,4.0,4.7613077,LIPID
P11E7,51161260,8.889582,42,3,"Roll, sweet, crumb topping, Mexican (Pan Dulce)",1000_Grains,4.0,4.7613077,LIPID
CSM5FZ4M,51161260,8.8870535,43,3,"Roll, sweet, crumb topping, Mexican (Pan Dulce)",1000_Grains,4.0,4.7613077,LIPID
MSM9VZO2,51161260,8.889637,44,3,"Roll, sweet, crumb topping, Mexican (Pan Dulce)",1000_Grains,4.0,4.7613077,LIPID
CSM79HI7,51161260,8.889642,45,3,"Roll, sweet, crumb topping, Mexican (Pan Dulce)",1000_Grains,4.0,4.7613077,LIPID
PSM7J1CS_P,51161260,8.886839,46,3,"Roll, sweet, crumb topping, Mexican (Pan Dulce)",1000_Grains,4.0,4.7613077,LIPID
H2M514905,51161260,8.886812,47,3,"Roll, sweet, crumb topping, Mexican (Pan Dulce)",1000_Grains,4.0,4.7613077,LIPID
S48_a_WGS,11514360,-10.40083,0,4,"Hot chocolate / Cocoa, made with no sugar added dry mix and non- dairy milk",6000_Dairy,64.0,63.999775,LIPID
EGAR00001420265_9002000001244866,11514360,-10.400962,1,4,"Hot chocolate / Cocoa, made with no sugar added dry mix and non- dairy milk",6000_Dairy,64.0,63.999775,LIPID
DOM016,11514360,-10.401047,2,4,"Hot chocolate / Cocoa, made with no sugar added dry mix and non- dairy milk",6000_Dairy,64.0,63.999775,LIPID
SAMD00164953,11514360,-10.400506,3,4,"Hot chocolate / Cocoa, made with no sugar added dry mix and non- dairy milk",6000_Dairy,64.0,63.999775,LIPID
HSM67VG2_P,11514360,-10.401213,4,4,"Hot chocolate / Cocoa, made with no sugar added dry mix and non- dairy milk",6000_Dairy,64.0,63.999775,LIPID
MM010,11514360,-10.40094,5,4,"Hot chocolate / Cocoa, made with no sugar added dry mix and non- dairy milk",6000_Dairy,64.0,63.999775,LIPID
MSMA26EL,11514360,-10.40143,6,4,"Hot chocolate / Cocoa, made with no sugar added dry mix and non- dairy milk",6000_Dairy,64.0,63.999775,LIPID
P22E7,11514360,-10.401359,7,4,"Hot chocolate / Cocoa, made with no sugar added dry mix and non- dairy milk",6000_Dairy,64.0,63.999775,LIPID
HSM6XRQO,11514360,-10.401573,8,4,"Hot chocolate / Cocoa, made with no sugar added dry mix and non- dairy milk",6000_Dairy,64.0,63.999775,LIPID
EGAR00001763372_1000IBD00010,11514360,-10.400179,9,4,"Hot chocolate / Cocoa, made with no sugar added dry mix and non- dairy milk",6000_Dairy,64.0,63.999775,LIPID
CSM67UBZ,11514360,-10.401661,10,4,"Hot chocolate / Cocoa, made with no sugar added dry mix and non- dairy milk",6000_Dairy,64.0,63.999775,LIPID
CSM79HR4,11514360,-10.400111,11,4,"Hot chocolate / Cocoa, made with no sugar added dry mix and non- dairy milk",6000_Dairy,64.0,63.999775,LIPID
SKST027_11_G102996,11514360,-10.400237,12,4,"Hot chocolate / Cocoa, made with no sugar added dry mix and non- dairy milk",6000_Dairy,64.0,63.999775,LIPID
CRC_MR_SBJ01C_17,11514360,-10.401602,13,4,"Hot chocolate / Cocoa, made with no sugar added dry mix and non- dairy milk",6000_Dairy,64.0,63.999775,LIPID
DHAK_C22_M,11514360,-10.400227,14,4,"Hot chocolate / Cocoa, made with no sugar added dry mix and non- dairy milk",6000_Dairy,64.0,63.999775,LIPID
SAMD00164937,11514360,-10.39992,15,4,"Hot chocolate / Cocoa, made with no sugar added dry mix and non- dairy milk",6000_Dairy,64.0,63.999775,LIPID
PSM7J13K,11514360,-10.401905,16,4,"Hot chocolate / Cocoa, made with no sugar added dry mix and non- dairy milk",6000_Dairy,64.0,63.999775,LIPID
MSM79H6B,11514360,-10.400025,17,4,"Hot chocolate / Cocoa, made with no sugar added dry mix and non- dairy milk",6000_Dairy,64.0,63.999775,LIPID
MSM6J2II,11514360,-10.399961,18,4,"Hot chocolate / Cocoa, made with no sugar added dry mix and non- dairy milk",6000_Dairy,64.0,63.999775,LIPID
SAMD00114725,11514360,-10.399841,19,4,"Hot chocolate / Cocoa, made with no sugar added dry mix and non- dairy milk",6000_Dairy,64.0,63.999775,LIPID
SID5412-2,11514360,-10.399875,20,4,"Hot chocolate / Cocoa, made with no sugar added dry mix and non- dairy milk",6000_Dairy,64.0,63.999775,LIPID
CSM67UAA,11514360,-10.402137,21,4,"Hot chocolate / Cocoa, made with no sugar added dry mix and non- dairy milk",6000_Dairy,64.0,63.999775,LIPID
MSM6J2SE,11514360,-10.40223,22,4,"Hot chocolate / Cocoa, made with no sugar added dry mix and non- dairy milk",6000_Dairy,64.0,63.999775,LIPID
V1_UC5_3,11514360,-10.402215,23,4,"Hot chocolate / Cocoa, made with no sugar added dry mix and non- dairy milk",6000_Dairy,64.0,63.999775,LIPID
V1_UC52_1,11514360,-10.399503,24,4,"Hot chocolate / Cocoa, made with no sugar added dry mix and non- dairy milk",6000_Dairy,64.0,63.999775,LIPID
SAMD00114960,11514360,-10.399469,25,4,"Hot chocolate / Cocoa, made with no sugar added dry mix and non- dairy milk",6000_Dairy,64.0,63.999775,LIPID
O2.UC7-0,11514360,-10.402402,26,4,"Hot chocolate / Cocoa, made with no sugar added dry mix and non- dairy milk",6000_Dairy,64.0,63.999775,LIPID
PSM7J13Y_P,11514360,-10.399173,27,4,"Hot chocolate / Cocoa, made with no sugar added dry mix and non- dairy milk",6000_Dairy,64.0,63.999775,LIPID
H3M518116,11514360,-10.402461,28,4,"Hot chocolate / Cocoa, made with no sugar added dry mix and non- dairy milk",6000_Dairy,64.0,63.999775,LIPID
CSM5FZ3V_P,11514360,-10.402534,29,4,"Hot chocolate / Cocoa, made with no sugar added dry mix and non- dairy milk",6000_Dairy,64.0,63.999775,LIPID
SAMD00114931,11514360,-10.402679,30,4,"Hot chocolate / Cocoa, made with no sugar added dry mix and non- dairy milk",6000_Dairy,64.0,63.999775,LIPID
V1.FI10,11514360,-10.399052,31,4,"Hot chocolate / Cocoa, made with no sugar added dry mix and non- dairy milk",6000_Dairy,64.0,63.999775,LIPID
MSM79H69,11514360,-10.402777,32,4,"Hot chocolate / Cocoa, made with no sugar added dry mix and non- dairy milk",6000_Dairy,64.0,63.999775,LIPID
SZAXPI003431-1,11514360,-10.39896,33,4,"Hot chocolate / Cocoa, made with no sugar added dry mix and non- dairy milk",6000_Dairy,64.0,63.999775,LIPID
SKST025_9_G103021,11514360,-10.398819,34,4,"Hot chocolate / Cocoa, made with no sugar added dry mix and non- dairy milk",6000_Dairy,64.0,63.999775,LIPID
MSM9VZEW,11514360,-10.398831,35,4,"Hot chocolate / Cocoa, made with no sugar added dry mix and non- dairy milk",6000_Dairy,64.0,63.999775,LIPID
PSM6XBUG,11514360,-10.398807,36,4,"Hot chocolate / Cocoa, made with no sugar added dry mix and non- dairy milk",6000_Dairy,64.0,63.999775,LIPID
SAMD00114930,11514360,-10.402954,37,4,"Hot chocolate / Cocoa, made with no sugar added dry mix and non- dairy milk",6000_Dairy,64.0,63.999775,LIPID
LILT_VF107_16,11514360,-10.40303,38,4,"Hot chocolate / Cocoa, made with no sugar added dry mix and non- dairy milk",6000_Dairy,64.0,63.999775,LIPID
SAMEA104142424,11514360,-10.402997,39,4,"Hot chocolate / Cocoa, made with no sugar added dry mix and non- dairy milk",6000_Dairy,64.0,63.999775,LIPID
H2M415914,11514360,-10.403078,40,4,"Hot chocolate / Cocoa, made with no sugar added dry mix and non- dairy milk",6000_Dairy,64.0,63.999775,LIPID
SID180_4M,11514360,-10.403075,41,4,"Hot chocolate / Cocoa, made with no sugar added dry mix and non- dairy milk",6000_Dairy,64.0,63.999775,LIPID
P11E7,11514360,-10.403073,42,4,"Hot chocolate / Cocoa, made with no sugar added dry mix and non- dairy milk",6000_Dairy,64.0,63.999775,LIPID
CSM5FZ4M,11514360,-10.398576,43,4,"Hot chocolate / Cocoa, made with no sugar added dry mix and non- dairy milk",6000_Dairy,64.0,63.999775,LIPID
MSM9VZO2,11514360,-10.403149,44,4,"Hot chocolate / Cocoa, made with no sugar added dry mix and non- dairy milk",6000_Dairy,64.0,63.999775,LIPID
CSM79HI7,11514360,-10.403252,45,4,"Hot chocolate / Cocoa, made with no sugar added dry mix and non- dairy milk",6000_Dairy,64.0,63.999775,LIPID
PSM7J1CS_P,11514360,-10.398354,46,4,"Hot chocolate / Cocoa, made with no sugar added dry mix and non- dairy milk",6000_Dairy,64.0,63.999775,LIPID
H2M514905,11514360,-10.398238,47,4,"Hot chocolate / Cocoa, made with no sugar added dry mix and non- dairy milk",6000_Dairy,64.0,63.999775,LIPID
S48_a_WGS,22101420,10.33109,0,5,"Pork chop, battered, fried, lean only eaten",5000_MPE,39.0,38.999996,LIPID
EGAR00001420265_9002000001244866,22101420,10.331166,1,5,"Pork chop, battered, fried, lean only eaten",5000_MPE,39.0,38.999996,LIPID
DOM016,22101420,10.331221,2,5,"Pork chop, battered, fried, lean only eaten",5000_MPE,39.0,38.999996,LIPID
SAMD00164953,22101420,10.330902,3,5,"Pork chop, battered, fried, lean only eaten",5000_MPE,39.0,38.999996,LIPID
HSM67VG2_P,22101420,10.331322,4,5,"Pork chop, battered, fried, lean only eaten",5000_MPE,39.0,38.999996,LIPID
MM010,22101420,10.331156,5,5,"Pork chop, battered, fried, lean only eaten",5000_MPE,39.0,38.999996,LIPID
MSMA26EL,22101420,10.3314495,6,5,"Pork chop, battered, fried, lean only eaten",5000_MPE,39.0,38.999996,LIPID
P22E7,22101420,10.331411,7,5,"Pork chop, battered, fried, lean only eaten",5000_MPE,39.0,38.999996,LIPID
HSM6XRQO,22101420,10.331537,8,5,"Pork chop, battered, fried, lean only eaten",5000_MPE,39.0,38.999996,LIPID
EGAR00001763372_1000IBD00010,22101420,10.330706,9,5,"Pork chop, battered, fried, lean only eaten",5000_MPE,39.0,38.999996,LIPID
CSM67UBZ,22101420,10.331592,10,5,"Pork chop, battered, fried, lean only eaten",5000_MPE,39.0,38.999996,LIPID
CSM79HR4,22101420,10.330662,11,5,"Pork chop, battered, fried, lean only eaten",5000_MPE,39.0,38.999996,LIPID
SKST027_11_G102996,22101420,10.330737,12,5,"Pork chop, battered, fried, lean only eaten",5000_MPE,39.0,38.999996,LIPID
CRC_MR_SBJ01C_17,22101420,10.331554,13,5,"Pork chop, battered, fried, lean only eaten",5000_MPE,39.0,38.999996,LIPID
DHAK_C22_M,22101420,10.330728,14,5,"Pork chop, battered, fried, lean only eaten",5000_MPE,39.0,38.999996,LIPID
SAMD00164937,22101420,10.330551,15,5,"Pork chop, battered, fried, lean only eaten",5000_MPE,39.0,38.999996,LIPID
PSM7J13K,22101420,10.331736,16,5,"Pork chop, battered, fried, lean only eaten",5000_MPE,39.0,38.999996,LIPID
MSM79H6B,22101420,10.330607,17,5,"Pork chop, battered, fried, lean only eaten",5000_MPE,39.0,38.999996,LIPID
MSM6J2II,22101420,10.330571,18,5,"Pork chop, battered, fried, lean only eaten",5000_MPE,39.0,38.999996,LIPID
SAMD00114725,22101420,10.3305025,19,5,"Pork chop, battered, fried, lean only eaten",5000_MPE,39.0,38.999996,LIPID
SID5412-2,22101420,10.330523,20,5,"Pork chop, battered, fried, lean only eaten",5000_MPE,39.0,38.999996,LIPID
CSM67UAA,22101420,10.331871,21,5,"Pork chop, battered, fried, lean only eaten",5000_MPE,39.0,38.999996,LIPID
MSM6J2SE,22101420,10.331928,22,5,"Pork chop, battered, fried, lean only eaten",5000_MPE,39.0,38.999996,LIPID
V1_UC5_3,22101420,10.33192,23,5,"Pork chop, battered, fried, lean only eaten",5000_MPE,39.0,38.999996,LIPID
V1_UC52_1,22101420,10.330301,24,5,"Pork chop, battered, fried, lean only eaten",5000_MPE,39.0,38.999996,LIPID
SAMD00114960,22101420,10.330277,25,5,"Pork chop, battered, fried, lean only eaten",5000_MPE,39.0,38.999996,LIPID
O2.UC7-0,22101420,10.332031,26,5,"Pork chop, battered, fried, lean only eaten",5000_MPE,39.0,38.999996,LIPID
PSM7J13Y_P,22101420,10.330098,27,5,"Pork chop, battered, fried, lean only eaten",5000_MPE,39.0,38.999996,LIPID
H3M518116,22101420,10.3320675,28,5,"Pork chop, battered, fried, lean only eaten",5000_MPE,39.0,38.999996,LIPID
CSM5FZ3V_P,22101420,10.33211,29,5,"Pork chop, battered, fried, lean only eaten",5000_MPE,39.0,38.999996,LIPID
SAMD00114931,22101420,10.332199,30,5,"Pork chop, battered, fried, lean only eaten",5000_MPE,39.0,38.999996,LIPID
V1.FI10,22101420,10.330025,31,5,"Pork chop, battered, fried, lean only eaten",5000_MPE,39.0,38.999996,LIPID
MSM79H69,22101420,10.332254,32,5,"Pork chop, battered, fried, lean only eaten",5000_MPE,39.0,38.999996,LIPID
SZAXPI003431-1,22101420,10.329971,33,5,"Pork chop, battered, fried, lean only eaten",5000_MPE,39.0,38.999996,LIPID
SKST025_9_G103021,22101420,10.329889,34,5,"Pork chop, battered, fried, lean only eaten",5000_MPE,39.0,38.999996,LIPID
MSM9VZEW,22101420,10.329896,35,5,"Pork chop, battered, fried, lean only eaten",5000_MPE,39.0,38.999996,LIPID
PSM6XBUG,22101420,10.329882,36,5,"Pork chop, battered, fried, lean only eaten",5000_MPE,39.0,38.999996,LIPID
SAMD00114930,22101420,10.332365,37,5,"Pork chop, battered, fried, lean only eaten",5000_MPE,39.0,38.999996,LIPID
LILT_VF107_16,22101420,10.332411,38,5,"Pork chop, battered, fried, lean only eaten",5000_MPE,39.0,38.999996,LIPID
SAMEA104142424,22101420,10.332384,39,5,"Pork chop, battered, fried, lean only eaten",5000_MPE,39.0,38.999996,LIPID
H2M415914,22101420,10.332437,40,5,"Pork chop, battered, fried, lean only eaten",5000_MPE,39.0,38.999996,LIPID
SID180_4M,22101420,10.332436,41,5,"Pork chop, battered, fried, lean only eaten",5000_MPE,39.0,38.999996,LIPID
P11E7,22101420,10.332434,42,5,"Pork chop, battered, fried, lean only eaten",5000_MPE,39.0,38.999996,LIPID
CSM5FZ4M,22101420,10.329744,43,5,"Pork chop, battered, fried, lean only eaten",5000_MPE,39.0,38.999996,LIPID
MSM9VZO2,22101420,10.33248,44,5,"Pork chop, battered, fried, lean only eaten",5000_MPE,39.0,38.999996,LIPID
CSM79HI7,22101420,10.33254,45,5,"Pork chop, battered, fried, lean only eaten",5000_MPE,39.0,38.999996,LIPID
PSM7J1CS_P,22101420,10.32961,46,5,"Pork chop, battered, fried, lean only eaten",5000_MPE,39.0,38.999996,LIPID
H2M514905,22101420,10.329544,47,5,"Pork chop, battered, fried, lean only eaten",5000_MPE,39.0,38.999996,LIPID
S48_a_WGS,26107143,9.061529,0,6,"Catfish, coated, fried, no added fat",5800_Seafood,58.0,58.000538,LIPID
EGAR00001420265_9002000001244866,26107143,9.06153,1,6,"Catfish, coated, fried, no added fat",5800_Seafood,58.0,58.000538,LIPID
DOM016,26107143,9.06153,2,6,"Catfish, coated, fried, no added fat",5800_Seafood,58.0,58.000538,LIPID
SAMD00164953,26107143,9.061527,3,6,"Catfish, coated, fried, no added fat",5800_Seafood,58.0,58.000538,LIPID
HSM67VG2_P,26107143,9.06153,4,6,"Catfish, coated, fried, no added fat",5800_Seafood,58.0,58.000538,LIPID
MM010,26107143,9.06153,5,6,"Catfish, coated, fried, no added fat",5800_Seafood,58.0,58.000538,LIPID
MSMA26EL,26107143,9.061532,6,6,"Catfish, coated, fried, no added fat",5800_Seafood,58.0,58.000538,LIPID
P22E7,26107143,9.061531,7,6,"Catfish, coated, fried, no added fat",5800_Seafood,58.0,58.000538,LIPID
HSM6XRQO,26107143,9.061532,8,6,"Catfish, coated, fried, no added fat",5800_Seafood,58.0,58.000538,LIPID
EGAR00001763372_1000IBD00010,26107143,9.061526,9,6,"Catfish, coated, fried, no added fat",5800_Seafood,58.0,58.000538,LIPID
CSM67UBZ,26107143,9.061532,10,6,"Catfish, coated, fried, no added fat",5800_Seafood,58.0,58.000538,LIPID
CSM79HR4,26107143,9.061526,11,6,"Catfish, coated, fried, no added fat",5800_Seafood,58.0,58.000538,LIPID
SKST027_11_G102996,26107143,9.061526,12,6,"Catfish, coated, fried, no added fat",5800_Seafood,58.0,58.000538,LIPID
CRC_MR_SBJ01C_17,26107143,9.061532,13,6,"Catfish, coated, fried, no added fat",5800_Seafood,58.0,58.000538,LIPID
DHAK_C22_M,26107143,9.061526,14,6,"Catfish, coated, fried, no added fat",5800_Seafood,58.0,58.000538,LIPID
SAMD00164937,26107143,9.061525,15,6,"Catfish, coated, fried, no added fat",5800_Seafood,58.0,58.000538,LIPID
PSM7J13K,26107143,9.061533,16,6,"Catfish, coated, fried, no added fat",5800_Seafood,58.0,58.000538,LIPID
MSM79H6B,26107143,9.061526,17,6,"Catfish, coated, fried, no added fat",5800_Seafood,58.0,58.000538,LIPID
MSM6J2II,26107143,9.061525,18,6,"Catfish, coated, fried, no added fat",5800_Seafood,58.0,58.000538,LIPID
SAMD00114725,26107143,9.061525,19,6,"Catfish, coated, fried, no added fat",5800_Seafood,58.0,58.000538,LIPID
SID5412-2,26107143,9.061525,20,6,"Catfish, coated, fried, no added fat",5800_Seafood,58.0,58.000538,LIPID
CSM67UAA,26107143,9.061535,21,6,"Catfish, coated, fried, no added fat",5800_Seafood,58.0,58.000538,LIPID
MSM6J2SE,26107143,9.061535,22,6,"Catfish, coated, fried, no added fat",5800_Seafood,58.0,58.000538,LIPID
V1_UC5_3,26107143,9.061535,23,6,"Catfish, coated, fried, no added fat",5800_Seafood,58.0,58.000538,LIPID
V1_UC52_1,26107143,9.061524,24,6,"Catfish, coated, fried, no added fat",5800_Seafood,58.0,58.000538,LIPID
SAMD00114960,26107143,9.061523,25,6,"Catfish, coated, fried, no added fat",5800_Seafood,58.0,58.000538,LIPID
O2.UC7-0,26107143,9.061536,26,6,"Catfish, coated, fried, no added fat",5800_Seafood,58.0,58.000538,LIPID
PSM7J13Y_P,26107143,9.0615225,27,6,"Catfish, coated, fried, no added fat",5800_Seafood,58.0,58.000538,LIPID
H3M518116,26107143,9.061536,28,6,"Catfish, coated, fried, no added fat",5800_Seafood,58.0,58.000538,LIPID
CSM5FZ3V_P,26107143,9.061536,29,6,"Catfish, coated, fried, no added fat",5800_Seafood,58.0,58.000538,LIPID
SAMD00114931,26107143,9.061537,30,6,"Catfish, coated, fried, no added fat",5800_Seafood,58.0,58.000538,LIPID
V1.FI10,26107143,9.061522,31,6,"Catfish, coated, fried, no added fat",5800_Seafood,58.0,58.000538,LIPID
MSM79H69,26107143,9.061537,32,6,"Catfish, coated, fried, no added fat",5800_Seafood,58.0,58.000538,LIPID
SZAXPI003431-1,26107143,9.061522,33,6,"Catfish, coated, fried, no added fat",5800_Seafood,58.0,58.000538,LIPID
SKST025_9_G103021,26107143,9.061521,34,6,"Catfish, coated, fried, no added fat",5800_Seafood,58.0,58.000538,LIPID
MSM9VZEW,26107143,9.061521,35,6,"Catfish, coated, fried, no added fat",5800_Seafood,58.0,58.000538,LIPID
PSM6XBUG,26107143,9.061521,36,6,"Catfish, coated, fried, no added fat",5800_Seafood,58.0,58.000538,LIPID
SAMD00114930,26107143,9.061538,37,6,"Catfish, coated, fried, no added fat",5800_Seafood,58.0,58.000538,LIPID
LILT_VF107_16,26107143,9.061538,38,6,"Catfish, coated, fried, no added fat",5800_Seafood,58.0,58.000538,LIPID
SAMEA104142424,26107143,9.061538,39,6,"Catfish, coated, fried, no added fat",5800_Seafood,58.0,58.000538,LIPID
H2M415914,26107143,9.061538,40,6,"Catfish, coated, fried, no added fat",5800_Seafood,58.0,58.000538,LIPID
SID180_4M,26107143,9.061538,41,6,"Catfish, coated, fried, no added fat",5800_Seafood,58.0,58.000538,LIPID
P11E7,26107143,9.061538,42,6,"Catfish, coated, fried, no added fat",5800_Seafood,58.0,58.000538,LIPID
CSM5FZ4M,26107143,9.06152,43,6,"Catfish, coated, fried, no added fat",5800_Seafood,58.0,58.000538,LIPID
MSM9VZO2,26107143,9.061538,44,6,"Catfish, coated, fried, no added fat",5800_Seafood,58.0,58.000538,LIPID
CSM79HI7,26107143,9.061539,45,6,"Catfish, coated, fried, no added fat",5800_Seafood,58.0,58.000538,LIPID
PSM7J1CS_P,26107143,9.061519,46,6,"Catfish, coated, fried, no added fat",5800_Seafood,58.0,58.000538,LIPID
H2M514905,26107143,9.061519,47,6,"Catfish, coated, fried, no added fat",5800_Seafood,58.0,58.000538,LIPID
S48_a_WGS,83300500,-5.9631176,0,7,"Honey mustard dressing, fat free",7000_Fats Oils,1.0,2.8781524,MAC
EGAR00001420265_9002000001244866,83300500,-5.9613514,1,7,"Honey mustard dressing, fat free",7000_Fats Oils,1.0,2.8781524,MAC
DOM016,83300500,-5.960026,2,7,"Honey mustard dressing, fat free",7000_Fats Oils,1.0,2.8781524,MAC
SAMD00164953,83300500,-5.9676485,3,7,"Honey mustard dressing, fat free",7000_Fats Oils,1.0,2.8781524,MAC
HSM67VG2_P,83300500,-5.9576197,4,7,"Honey mustard dressing, fat free",7000_Fats Oils,1.0,2.8781524,MAC
MM010,83300500,-5.9615765,5,7,"Honey mustard dressing, fat free",7000_Fats Oils,1.0,2.8781524,MAC
MSMA26EL,83300500,-5.954526,6,7,"Honey mustard dressing, fat free",7000_Fats Oils,1.0,2.8781524,MAC
P22E7,83300500,-5.955488,7,7,"Honey mustard dressing, fat free",7000_Fats Oils,1.0,2.8781524,MAC
HSM6XRQO,83300500,-5.952386,8,7,"Honey mustard dressing, fat free",7000_Fats Oils,1.0,2.8781524,MAC
EGAR00001763372_1000IBD00010,83300500,-5.9721756,9,7,"Honey mustard dressing, fat free",7000_Fats Oils,1.0,2.8781524,MAC
CSM67UBZ,83300500,-5.951105,10,7,"Honey mustard dressing, fat free",7000_Fats Oils,1.0,2.8781524,MAC
CSM79HR4,83300500,-5.9731526,11,7,"Honey mustard dressing, fat free",7000_Fats Oils,1.0,2.8781524,MAC
SKST027_11_G102996,83300500,-5.9714336,12,7,"Honey mustard dressing, fat free",7000_Fats Oils,1.0,2.8781524,MAC
CRC_MR_SBJ01C_17,83300500,-5.9519176,13,7,"Honey mustard dressing, fat free",7000_Fats Oils,1.0,2.8781524,MAC
DHAK_C22_M,83300500,-5.971636,14,7,"Honey mustard dressing, fat free",7000_Fats Oils,1.0,2.8781524,MAC
SAMD00164937,83300500,-5.975704,15,7,"Honey mustard dressing, fat free",7000_Fats Oils,1.0,2.8781524,MAC
PSM7J13K,83300500,-5.94753,16,7,"Honey mustard dressing, fat free",7000_Fats Oils,1.0,2.8781524,MAC
MSM79H6B,83300500,-5.97436,17,7,"Honey mustard dressing, fat free",7000_Fats Oils,1.0,2.8781524,MAC
MSM6J2II,83300500,-5.975191,18,7,"Honey mustard dressing, fat free",7000_Fats Oils,1.0,2.8781524,MAC
SAMD00114725,83300500,-5.9767637,19,7,"Honey mustard dressing, fat free",7000_Fats Oils,1.0,2.8781524,MAC
SID5412-2,83300500,-5.976349,20,7,"Honey mustard dressing, fat free",7000_Fats Oils,1.0,2.8781524,MAC
CSM67UAA,83300500,-5.9441175,21,7,"Honey mustard dressing, fat free",7000_Fats Oils,1.0,2.8781524,MAC
MSM6J2SE,83300500,-5.942726,22,7,"Honey mustard dressing, fat free",7000_Fats Oils,1.0,2.8781524,MAC
V1_UC5_3,83300500,-5.9429216,23,7,"Honey mustard dressing, fat free",7000_Fats Oils,1.0,2.8781524,MAC
V1_UC52_1,83300500,-5.981288,24,7,"Honey mustard dressing, fat free",7000_Fats Oils,1.0,2.8781524,MAC
SAMD00114960,83300500,-5.981836,25,7,"Honey mustard dressing, fat free",7000_Fats Oils,1.0,2.8781524,MAC
O2.UC7-0,83300500,-5.940078,26,7,"Honey mustard dressing, fat free",7000_Fats Oils,1.0,2.8781524,MAC
PSM7J13Y_P,83300500,-5.9858127,27,7,"Honey mustard dressing, fat free",7000_Fats Oils,1.0,2.8781524,MAC
H3M518116,83300500,-5.939129,28,7,"Honey mustard dressing, fat free",7000_Fats Oils,1.0,2.8781524,MAC
CSM5FZ3V_P,83300500,-5.9381056,29,7,"Honey mustard dressing, fat free",7000_Fats Oils,1.0,2.8781524,MAC
SAMD00114931,83300500,-5.9358478,30,7,"Honey mustard dressing, fat free",7000_Fats Oils,1.0,2.8781524,MAC
V1.FI10,83300500,-5.9873896,31,7,"Honey mustard dressing, fat free",7000_Fats Oils,1.0,2.8781524,MAC
MSM79H69,83300500,-5.934363,32,7,"Honey mustard dressing, fat free",7000_Fats Oils,1.0,2.8781524,MAC
SZAXPI003431-1,83300500,-5.988533,33,7,"Honey mustard dressing, fat free",7000_Fats Oils,1.0,2.8781524,MAC
SKST025_9_G103021,83300500,-5.9903717,34,7,"Honey mustard dressing, fat free",7000_Fats Oils,1.0,2.8781524,MAC
MSM9VZEW,83300500,-5.9902506,35,7,"Honey mustard dressing, fat free",7000_Fats Oils,1.0,2.8781524,MAC
PSM6XBUG,83300500,-5.9905252,36,7,"Honey mustard dressing, fat free",7000_Fats Oils,1.0,2.8781524,MAC
SAMD00114930,83300500,-5.9315224,37,7,"Honey mustard dressing, fat free",7000_Fats Oils,1.0,2.8781524,MAC
LILT_VF107_16,83300500,-5.9302654,38,7,"Honey mustard dressing, fat free",7000_Fats Oils,1.0,2.8781524,MAC
SAMEA104142424,83300500,-5.9309025,39,7,"Honey mustard dressing, fat free",7000_Fats Oils,1.0,2.8781524,MAC
H2M415914,83300500,-5.929678,40,7,"Honey mustard dressing, fat free",7000_Fats Oils,1.0,2.8781524,MAC
SID180_4M,83300500,-5.929679,41,7,"Honey mustard dressing, fat free",7000_Fats Oils,1.0,2.8781524,MAC
P11E7,83300500,-5.9296737,42,7,"Honey mustard dressing, fat free",7000_Fats Oils,1.0,2.8781524,MAC
CSM5FZ4M,83300500,-5.9935026,43,7,"Honey mustard dressing, fat free",7000_Fats Oils,1.0,2.8781524,MAC
MSM9VZO2,83300500,-5.9285583,44,7,"Honey mustard dressing, fat free",7000_Fats Oils,1.0,2.8781524,MAC
CSM79HI7,83300500,-5.9268885,45,7,"Honey mustard dressing, fat free",7000_Fats Oils,1.0,2.8781524,MAC
PSM7J1CS_P,83300500,-5.9963636,46,7,"Honey mustard dressing, fat free",7000_Fats Oils,1.0,2.8781524,MAC
H2M514905,83300500,-5.9978004,47,7,"Honey mustard dressing, fat free",7000_Fats Oils,1.0,2.8781524,MAC
S48_a_WGS,27111420,9.044439,0,8,Chili con carne without beans,8000_Mixed,33.0,32.99919,LIPID
EGAR00001420265_9002000001244866,27111420,9.044439,1,8,Chili con carne without beans,8000_Mixed,33.0,32.99919,LIPID
DOM016,27111420,9.04444,2,8,Chili con carne without beans,8000_Mixed,33.0,32.99919,LIPID
SAMD00164953,27111420,9.044439,3,8,Chili con carne without beans,8000_Mixed,33.0,32.99919,LIPID
HSM67VG2_P,27111420,9.04444,4,8,Chili con carne without beans,8000_Mixed,33.0,32.99919,LIPID
MM010,27111420,9.044439,5,8,Chili con carne without beans,8000_Mixed,33.0,32.99919,LIPID
MSMA26EL,27111420,9.04444,6,8,Chili con carne without beans,8000_Mixed,33.0,32.99919,LIPID
P22E7,27111420,9.04444,7,8,Chili con carne without beans,8000_Mixed,33.0,32.99919,LIPID
HSM6XRQO,27111420,9.04444,8,8,Chili con carne without beans,8000_Mixed,33.0,32.99919,LIPID
EGAR00001763372_1000IBD00010,27111420,9.044439,9,8,Chili con carne without beans,8000_Mixed,33.0,32.99919,LIPID
CSM67UBZ,27111420,9.04444,10,8,Chili con carne without beans,8000_Mixed,33.0,32.99919,LIPID
CSM79HR4,27111420,9.044439,11,8,Chili con carne without beans,8000_Mixed,33.0,32.99919,LIPID
SKST027_11_G102996,27111420,9.044439,12,8,Chili con carne without beans,8000_Mixed,33.0,32.99919,LIPID
CRC_MR_SBJ01C_17,27111420,9.04444,13,8,Chili con carne without beans,8000_Mixed,33.0,32.99919,LIPID
DHAK_C22_M,27111420,9.044439,14,8,Chili con carne without beans,8000_Mixed,33.0,32.99919,LIPID
SAMD00164937,27111420,9.044439,15,8,Chili con carne without beans,8000_Mixed,33.0,32.99919,LIPID
PSM7J13K,27111420,9.04444,16,8,Chili con carne without beans,8000_Mixed,33.0,32.99919,LIPID
MSM79H6B,27111420,9.044439,17,8,Chili con carne without beans,8000_Mixed,33.0,32.99919,LIPID
MSM6J2II,27111420,9.044439,18,8,Chili con carne without beans,8000_Mixed,33.0,32.99919,LIPID
SAMD00114725,27111420,9.044438,19,8,Chili con carne without beans,8000_Mixed,33.0,32.99919,LIPID
SID5412-2,27111420,9.044439,20,8,Chili con carne without beans,8000_Mixed,33.0,32.99919,LIPID
CSM67UAA,27111420,9.044441,21,8,Chili con carne without beans,8000_Mixed,33.0,32.99919,LIPID
MSM6J2SE,27111420,9.044441,22,8,Chili con carne without beans,8000_Mixed,33.0,32.99919,LIPID
V1_UC5_3,27111420,9.044441,23,8,Chili con carne without beans,8000_Mixed,33.0,32.99919,LIPID
V1_UC52_1,27111420,9.044438,24,8,Chili con carne without beans,8000_Mixed,33.0,32.99919,LIPID
SAMD00114960,27111420,9.044438,25,8,Chili con carne without beans,8000_Mixed,33.0,32.99919,LIPID
O2.UC7-0,27111420,9.044441,26,8,Chili con carne without beans,8000_Mixed,33.0,32.99919,LIPID
PSM7J13Y_P,27111420,9.044438,27,8,Chili con carne without beans,8000_Mixed,33.0,32.99919,LIPID
H3M518116,27111420,9.044441,28,8,Chili con carne without beans,8000_Mixed,33.0,32.99919,LIPID
CSM5FZ3V_P,27111420,9.044441,29,8,Chili con carne without beans,8000_Mixed,33.0,32.99919,LIPID
SAMD00114931,27111420,9.044441,30,8,Chili con carne without beans,8000_Mixed,33.0,32.99919,LIPID
V1.FI10,27111420,9.044438,31,8,Chili con carne without beans,8000_Mixed,33.0,32.99919,LIPID
MSM79H69,27111420,9.044441,32,8,Chili con carne without beans,8000_Mixed,33.0,32.99919,LIPID
SZAXPI003431-1,27111420,9.044438,33,8,Chili con carne without beans,8000_Mixed,33.0,32.99919,LIPID
SKST025_9_G103021,27111420,9.044438,34,8,Chili con carne without beans,8000_Mixed,33.0,32.99919,LIPID
MSM9VZEW,27111420,9.044438,35,8,Chili con carne without beans,8000_Mixed,33.0,32.99919,LIPID
PSM6XBUG,27111420,9.044438,36,8,Chili con carne without beans,8000_Mixed,33.0,32.99919,LIPID
SAMD00114930,27111420,9.044441,37,8,Chili con carne without beans,8000_Mixed,33.0,32.99919,LIPID
LILT_VF107_16,27111420,9.044441,38,8,Chili con carne without beans,8000_Mixed,33.0,32.99919,LIPID
SAMEA104142424,27111420,9.044441,39,8,Chili con carne without beans,8000_Mixed,33.0,32.99919,LIPID
H2M415914,27111420,9.044441,40,8,Chili con carne without beans,8000_Mixed,33.0,32.99919,LIPID
SID180_4M,27111420,9.044441,41,8,Chili con carne without beans,8000_Mixed,33.0,32.99919,LIPID
P11E7,27111420,9.044441,42,8,Chili con carne without beans,8000_Mixed,33.0,32.99919,LIPID
CSM5FZ4M,27111420,9.044438,43,8,Chili con carne without beans,8000_Mixed,33.0,32.99919,LIPID
MSM9VZO2,27111420,9.044441,44,8,Chili con carne without beans,8000_Mixed,33.0,32.99919,LIPID
CSM79HI7,27111420,9.044441,45,8,Chili con carne without beans,8000_Mixed,33.0,32.99919,LIPID
PSM7J1CS_P,27111420,9.044438,46,8,Chili con carne without beans,8000_Mixed,33.0,32.99919,LIPID
H2M514905,27111420,9.044438,47,8,Chili con carne without beans,8000_Mixed,33.0,32.99919,LIPID
S48_a_WGS,53247000,10.338343,0,9,"Cookie, vanilla wafer",9000_SavorySweet,2.0,3.8303127,LIPID
EGAR00001420265_9002000001244866,53247000,10.338427,1,9,"Cookie, vanilla wafer",9000_SavorySweet,2.0,3.8303127,LIPID
DOM016,53247000,10.338482,2,9,"Cookie, vanilla wafer",9000_SavorySweet,2.0,3.8303127,LIPID
SAMD00164953,53247000,10.338133,3,9,"Cookie, vanilla wafer",9000_SavorySweet,2.0,3.8303127,LIPID
HSM67VG2_P,53247000,10.338594,4,9,"Cookie, vanilla wafer",9000_SavorySweet,2.0,3.8303127,LIPID
MM010,53247000,10.338419,5,9,"Cookie, vanilla wafer",9000_SavorySweet,2.0,3.8303127,LIPID
MSMA26EL,53247000,10.338739,6,9,"Cookie, vanilla wafer",9000_SavorySweet,2.0,3.8303127,LIPID
P22E7,53247000,10.338689,7,9,"Cookie, vanilla wafer",9000_SavorySweet,2.0,3.8303127,LIPID
HSM6XRQO,53247000,10.338835,8,9,"Cookie, vanilla wafer",9000_SavorySweet,2.0,3.8303127,LIPID
EGAR00001763372_1000IBD00010,53247000,10.33792,9,9,"Cookie, vanilla wafer",9000_SavorySweet,2.0,3.8303127,LIPID
CSM67UBZ,53247000,10.338889,10,9,"Cookie, vanilla wafer",9000_SavorySweet,2.0,3.8303127,LIPID
CSM79HR4,53247000,10.33787,11,9,"Cookie, vanilla wafer",9000_SavorySweet,2.0,3.8303127,LIPID
SKST027_11_G102996,53247000,10.337954,12,9,"Cookie, vanilla wafer",9000_SavorySweet,2.0,3.8303127,LIPID
CRC_MR_SBJ01C_17,53247000,10.338854,13,9,"Cookie, vanilla wafer",9000_SavorySweet,2.0,3.8303127,LIPID
DHAK_C22_M,53247000,10.337944,14,9,"Cookie, vanilla wafer",9000_SavorySweet,2.0,3.8303127,LIPID
SAMD00164937,53247000,10.337746,15,9,"Cookie, vanilla wafer",9000_SavorySweet,2.0,3.8303127,LIPID
PSM7J13K,53247000,10.3390465,16,9,"Cookie, vanilla wafer",9000_SavorySweet,2.0,3.8303127,LIPID
MSM79H6B,53247000,10.33781,17,9,"Cookie, vanilla wafer",9000_SavorySweet,2.0,3.8303127,LIPID
MSM6J2II,53247000,10.33777,18,9,"Cookie, vanilla wafer",9000_SavorySweet,2.0,3.8303127,LIPID
SAMD00114725,53247000,10.337693,19,9,"Cookie, vanilla wafer",9000_SavorySweet,2.0,3.8303127,LIPID
SID5412-2,53247000,10.337715,20,9,"Cookie, vanilla wafer",9000_SavorySweet,2.0,3.8303127,LIPID
CSM67UAA,53247000,10.339197,21,9,"Cookie, vanilla wafer",9000_SavorySweet,2.0,3.8303127,LIPID
MSM6J2SE,53247000,10.339264,22,9,"Cookie, vanilla wafer",9000_SavorySweet,2.0,3.8303127,LIPID
V1_UC5_3,53247000,10.339249,23,9,"Cookie, vanilla wafer",9000_SavorySweet,2.0,3.8303127,LIPID
V1_UC52_1,53247000,10.337475,24,9,"Cookie, vanilla wafer",9000_SavorySweet,2.0,3.8303127,LIPID
SAMD00114960,53247000,10.337452,25,9,"Cookie, vanilla wafer",9000_SavorySweet,2.0,3.8303127,LIPID
O2.UC7-0,53247000,10.339375,26,9,"Cookie, vanilla wafer",9000_SavorySweet,2.0,3.8303127,LIPID
PSM7J13Y_P,53247000,10.3372555,27,9,"Cookie, vanilla wafer",9000_SavorySweet,2.0,3.8303127,LIPID
H3M518116,53247000,10.339413,28,9,"Cookie, vanilla wafer",9000_SavorySweet,2.0,3.8303127,LIPID
CSM5FZ3V_P,53247000,10.3394575,29,9,"Cookie, vanilla wafer",9000_SavorySweet,2.0,3.8303127,LIPID
SAMD00114931,53247000,10.33955,30,9,"Cookie, vanilla wafer",9000_SavorySweet,2.0,3.8303127,LIPID
V1.FI10,53247000,10.337172,31,9,"Cookie, vanilla wafer",9000_SavorySweet,2.0,3.8303127,LIPID
MSM79H69,53247000,10.339618,32,9,"Cookie, vanilla wafer",9000_SavorySweet,2.0,3.8303127,LIPID
SZAXPI003431-1,53247000,10.337124,33,9,"Cookie, vanilla wafer",9000_SavorySweet,2.0,3.8303127,LIPID
SKST025_9_G103021,53247000,10.337028,34,9,"Cookie, vanilla wafer",9000_SavorySweet,2.0,3.8303127,LIPID
MSM9VZEW,53247000,10.337034,35,9,"Cookie, vanilla wafer",9000_SavorySweet,2.0,3.8303127,LIPID
PSM6XBUG,53247000,10.337028,36,9,"Cookie, vanilla wafer",9000_SavorySweet,2.0,3.8303127,LIPID
SAMD00114930,53247000,10.33974,37,9,"Cookie, vanilla wafer",9000_SavorySweet,2.0,3.8303127,LIPID
LILT_VF107_16,53247000,10.339785,38,9,"Cookie, vanilla wafer",9000_SavorySweet,2.0,3.8303127,LIPID
SAMEA104142424,53247000,10.339756,39,9,"Cookie, vanilla wafer",9000_SavorySweet,2.0,3.8303127,LIPID
H2M415914,53247000,10.339817,40,9,"Cookie, vanilla wafer",9000_SavorySweet,2.0,3.8303127,LIPID
SID180_4M,53247000,10.33982,41,9,"Cookie, vanilla wafer",9000_SavorySweet,2.0,3.8303127,LIPID
P11E7,53247000,10.339815,42,9,"Cookie, vanilla wafer",9000_SavorySweet,2.0,3.8303127,LIPID
CSM5FZ4M,53247000,10.336871,43,9,"Cookie, vanilla wafer",9000_SavorySweet,2.0,3.8303127,LIPID
MSM9VZO2,53247000,10.339859,44,9,"Cookie, vanilla wafer",9000_SavorySweet,2.0,3.8303127,LIPID
CSM79HI7,53247000,10.339936,45,9,"Cookie, vanilla wafer",9000_SavorySweet,2.0,3.8303127,LIPID
PSM7J1CS_P,53247000,10.336723,46,9,"Cookie, vanilla wafer",9000_SavorySweet,2.0,3.8303127,LIPID
H2M514905,53247000,10.336643,47,9,"Cookie, vanilla wafer",9000_SavorySweet,2.0,3.8303127,LIPID
S48_a_WGS,64204010,-10.042445,0,10,Mango nectar 1,0000_Beverages,14.0,14.000003,LIPID
EGAR00001420265_9002000001244866,64204010,-10.044284,1,10,Mango nectar 1,0000_Beverages,14.0,14.000003,LIPID
DOM016,64204010,-10.045663,2,10,Mango nectar 1,0000_Beverages,14.0,14.000003,LIPID
SAMD00164953,64204010,-10.0376425,3,10,Mango nectar 1,0000_Beverages,14.0,14.000003,LIPID
HSM67VG2_P,64204010,-10.04816,4,10,Mango nectar 1,0000_Beverages,14.0,14.000003,LIPID
MM010,64204010,-10.043962,5,10,Mango nectar 1,0000_Beverages,14.0,14.000003,LIPID
MSMA26EL,64204010,-10.051396,6,10,Mango nectar 1,0000_Beverages,14.0,14.000003,LIPID
P22E7,64204010,-10.0503645,7,10,Mango nectar 1,0000_Beverages,14.0,14.000003,LIPID
HSM6XRQO,64204010,-10.053609,8,10,Mango nectar 1,0000_Beverages,14.0,14.000003,LIPID
EGAR00001763372_1000IBD00010,64204010,-10.032702,9,10,Mango nectar 1,0000_Beverages,14.0,14.000003,LIPID
CSM67UBZ,64204010,-10.054906,10,10,Mango nectar 1,0000_Beverages,14.0,14.000003,LIPID
CSM79HR4,64204010,-10.031707,11,10,Mango nectar 1,0000_Beverages,14.0,14.000003,LIPID
SKST027_11_G102996,64204010,-10.033504,12,10,Mango nectar 1,0000_Beverages,14.0,14.000003,LIPID
CRC_MR_SBJ01C_17,64204010,-10.054063,13,10,Mango nectar 1,0000_Beverages,14.0,14.000003,LIPID
DHAK_C22_M,64204010,-10.033261,14,10,Mango nectar 1,0000_Beverages,14.0,14.000003,LIPID
SAMD00164937,64204010,-10.028913,15,10,Mango nectar 1,0000_Beverages,14.0,14.000003,LIPID
PSM7J13K,64204010,-10.058562,16,10,Mango nectar 1,0000_Beverages,14.0,14.000003,LIPID
MSM79H6B,64204010,-10.030307,17,10,Mango nectar 1,0000_Beverages,14.0,14.000003,LIPID
MSM6J2II,64204010,-10.029422,18,10,Mango nectar 1,0000_Beverages,14.0,14.000003,LIPID
SAMD00114725,64204010,-10.027787,19,10,Mango nectar 1,0000_Beverages,14.0,14.000003,LIPID
SID5412-2,64204010,-10.02819,20,10,Mango nectar 1,0000_Beverages,14.0,14.000003,LIPID
CSM67UAA,64204010,-10.06199,21,10,Mango nectar 1,0000_Beverages,14.0,14.000003,LIPID
MSM6J2SE,64204010,-10.06339,22,10,Mango nectar 1,0000_Beverages,14.0,14.000003,LIPID
V1_UC5_3,64204010,-10.063159,23,10,Mango nectar 1,0000_Beverages,14.0,14.000003,LIPID
V1_UC52_1,64204010,-10.022735,24,10,Mango nectar 1,0000_Beverages,14.0,14.000003,LIPID
SAMD00114960,64204010,-10.022105,25,10,Mango nectar 1,0000_Beverages,14.0,14.000003,LIPID
O2.UC7-0,64204010,-10.0660925,26,10,Mango nectar 1,0000_Beverages,14.0,14.000003,LIPID
PSM7J13Y_P,64204010,-10.017802,27,10,Mango nectar 1,0000_Beverages,14.0,14.000003,LIPID
H3M518116,64204010,-10.06693,28,10,Mango nectar 1,0000_Beverages,14.0,14.000003,LIPID
CSM5FZ3V_P,64204010,-10.068011,29,10,Mango nectar 1,0000_Beverages,14.0,14.000003,LIPID
SAMD00114931,64204010,-10.070287,30,10,Mango nectar 1,0000_Beverages,14.0,14.000003,LIPID
V1.FI10,64204010,-10.016021,31,10,Mango nectar 1,0000_Beverages,14.0,14.000003,LIPID
MSM79H69,64204010,-10.071723,32,10,Mango nectar 1,0000_Beverages,14.0,14.000003,LIPID
SZAXPI003431-1,64204010,-10.01464,33,10,Mango nectar 1,0000_Beverages,14.0,14.000003,LIPID
SKST025_9_G103021,64204010,-10.012605,34,10,Mango nectar 1,0000_Beverages,14.0,14.000003,LIPID
MSM9VZEW,64204010,-10.0127325,35,10,Mango nectar 1,0000_Beverages,14.0,14.000003,LIPID
PSM6XBUG,64204010,-10.012401,36,10,Mango nectar 1,0000_Beverages,14.0,14.000003,LIPID
SAMD00114930,64204010,-10.07451,37,10,Mango nectar 1,0000_Beverages,14.0,14.000003,LIPID
LILT_VF107_16,64204010,-10.0757475,38,10,Mango nectar 1,0000_Beverages,14.0,14.000003,LIPID
SAMEA104142424,64204010,-10.0750265,39,10,Mango nectar 1,0000_Beverages,14.0,14.000003,LIPID
H2M415914,64204010,-10.07631,40,10,Mango nectar 1,0000_Beverages,14.0,14.000003,LIPID
SID180_4M,64204010,-10.076327,41,10,Mango nectar 1,0000_Beverages,14.0,14.000003,LIPID
P11E7,64204010,-10.076234,42,10,Mango nectar 1,0000_Beverages,14.0,14.000003,LIPID
CSM5FZ4M,64204010,-10.009011,43,10,Mango nectar 1,0000_Beverages,14.0,14.000003,LIPID
MSM9VZO2,64204010,-10.077329,44,10,Mango nectar 1,0000_Beverages,14.0,14.000003,LIPID
CSM79HI7,64204010,-10.078994,45,10,Mango nectar 1,0000_Beverages,14.0,14.000003,LIPID
PSM7J1CS_P,64204010,-10.005757,46,10,Mango nectar 1,0000_Beverages,14.0,14.000003,LIPID
H2M514905,64204010,-10.004201,47,10,Mango nectar 1,0000_Beverages,14.0,14.000003,LIPID
S48_a_WGS,63409020,-6.2148585,0,11,Chutney,8600_SauceCondiment,3.0,4.060155,LIPID
EGAR00001420265_9002000001244866,63409020,-6.2132835,1,11,Chutney,8600_SauceCondiment,3.0,4.060155,LIPID
DOM016,63409020,-6.2120953,2,11,Chutney,8600_SauceCondiment,3.0,4.060155,LIPID
SAMD00164953,63409020,-6.2188983,3,11,Chutney,8600_SauceCondiment,3.0,4.060155,LIPID
HSM67VG2_P,63409020,-6.209942,4,11,Chutney,8600_SauceCondiment,3.0,4.060155,LIPID
MM010,63409020,-6.213485,5,11,Chutney,8600_SauceCondiment,3.0,4.060155,LIPID
MSMA26EL,63409020,-6.2071676,6,11,Chutney,8600_SauceCondiment,3.0,4.060155,LIPID
P22E7,63409020,-6.20804,7,11,Chutney,8600_SauceCondiment,3.0,4.060155,LIPID
HSM6XRQO,63409020,-6.2052526,8,11,Chutney,8600_SauceCondiment,3.0,4.060155,LIPID
EGAR00001763372_1000IBD00010,63409020,-6.222948,9,11,Chutney,8600_SauceCondiment,3.0,4.060155,LIPID
CSM67UBZ,63409020,-6.2041254,10,11,Chutney,8600_SauceCondiment,3.0,4.060155,LIPID
CSM79HR4,63409020,-6.2238283,11,11,Chutney,8600_SauceCondiment,3.0,4.060155,LIPID
SKST027_11_G102996,63409020,-6.222266,12,11,Chutney,8600_SauceCondiment,3.0,4.060155,LIPID
CRC_MR_SBJ01C_17,63409020,-6.204857,13,11,Chutney,8600_SauceCondiment,3.0,4.060155,LIPID
DHAK_C22_M,63409020,-6.222457,14,11,Chutney,8600_SauceCondiment,3.0,4.060155,LIPID
SAMD00164937,63409020,-6.226091,15,11,Chutney,8600_SauceCondiment,3.0,4.060155,LIPID
PSM7J13K,63409020,-6.2009196,16,11,Chutney,8600_SauceCondiment,3.0,4.060155,LIPID
MSM79H6B,63409020,-6.2248864,17,11,Chutney,8600_SauceCondiment,3.0,4.060155,LIPID
MSM6J2II,63409020,-6.2256446,18,11,Chutney,8600_SauceCondiment,3.0,4.060155,LIPID
SAMD00114725,63409020,-6.227025,19,11,Chutney,8600_SauceCondiment,3.0,4.060155,LIPID
SID5412-2,63409020,-6.2266493,20,11,Chutney,8600_SauceCondiment,3.0,4.060155,LIPID
CSM67UAA,63409020,-6.197856,21,11,Chutney,8600_SauceCondiment,3.0,4.060155,LIPID
MSM6J2SE,63409020,-6.1966023,22,11,Chutney,8600_SauceCondiment,3.0,4.060155,LIPID
V1_UC5_3,63409020,-6.1967793,23,11,Chutney,8600_SauceCondiment,3.0,4.060155,LIPID
V1_UC52_1,63409020,-6.231072,24,11,Chutney,8600_SauceCondiment,3.0,4.060155,LIPID
SAMD00114960,63409020,-6.2315493,25,11,Chutney,8600_SauceCondiment,3.0,4.060155,LIPID
O2.UC7-0,63409020,-6.1942453,26,11,Chutney,8600_SauceCondiment,3.0,4.060155,LIPID
PSM7J13Y_P,63409020,-6.235096,27,11,Chutney,8600_SauceCondiment,3.0,4.060155,LIPID
H3M518116,63409020,-6.193408,28,11,Chutney,8600_SauceCondiment,3.0,4.060155,LIPID
CSM5FZ3V_P,63409020,-6.1924677,29,11,Chutney,8600_SauceCondiment,3.0,4.060155,LIPID
SAMD00114931,63409020,-6.1904526,30,11,Chutney,8600_SauceCondiment,3.0,4.060155,LIPID
V1.FI10,63409020,-6.236498,31,11,Chutney,8600_SauceCondiment,3.0,4.060155,LIPID
MSM79H69,63409020,-6.1891527,32,11,Chutney,8600_SauceCondiment,3.0,4.060155,LIPID
SZAXPI003431-1,63409020,-6.2375097,33,11,Chutney,8600_SauceCondiment,3.0,4.060155,LIPID
SKST025_9_G103021,63409020,-6.2391806,34,11,Chutney,8600_SauceCondiment,3.0,4.060155,LIPID
MSM9VZEW,63409020,-6.2390423,35,11,Chutney,8600_SauceCondiment,3.0,4.060155,LIPID
PSM6XBUG,63409020,-6.239294,36,11,Chutney,8600_SauceCondiment,3.0,4.060155,LIPID
SAMD00114930,63409020,-6.1865845,37,11,Chutney,8600_SauceCondiment,3.0,4.060155,LIPID
LILT_VF107_16,63409020,-6.1854753,38,11,Chutney,8600_SauceCondiment,3.0,4.060155,LIPID
SAMEA104142424,63409020,-6.186041,39,11,Chutney,8600_SauceCondiment,3.0,4.060155,LIPID
H2M415914,63409020,-6.184943,40,11,Chutney,8600_SauceCondiment,3.0,4.060155,LIPID
SID180_4M,63409020,-6.1849213,41,11,Chutney,8600_SauceCondiment,3.0,4.060155,LIPID
P11E7,63409020,-6.184928,42,11,Chutney,8600_SauceCondiment,3.0,4.060155,LIPID
CSM5FZ4M,63409020,-6.2419415,43,11,Chutney,8600_SauceCondiment,3.0,4.060155,LIPID
MSM9VZO2,63409020,-6.183937,44,11,Chutney,8600_SauceCondiment,3.0,4.060155,LIPID
CSM79HI7,63409020,-6.182438,45,11,Chutney,8600_SauceCondiment,3.0,4.060155,LIPID
PSM7J1CS_P,63409020,-6.244507,46,11,Chutney,8600_SauceCondiment,3.0,4.060155,LIPID
H2M514905,63409020,-6.2457576,47,11,Chutney,8600_SauceCondiment,3.0,4.060155,LIPID
