food_group,n_foods,FCS2_mean,GMNPS_mean,GMNPS_sd_mean,delta_var_mean,MAC_variance_mean,LIPID_variance_mean,dominant_channel
0000_Beverages,406,32.3423645320197,32.88309,3.6005735,17.455225,0.6324129,0.5557299,MAC
1000_Grains,995,35.77085427135678,35.825443,4.1149106,17.422342,0.49181348,0.8180769,LIPID
2000_Fruit,242,70.53719008264463,70.22483,3.8839197,17.754433,0.39843825,0.96738297,LIPID
3000_Vegetables,1464,76.14890710382514,75.72309,3.7236326,17.426659,1.0495731,0.7845653,MAC
4000_LegNut,312,80.84294871794872,80.68468,3.9944441,17.444527,1.2247921,0.4635293,MAC
5000_MPE,1068,44.054307116104866,44.18036,4.0303035,17.330002,0.18840192,1.2220011,LIPID
5800_Seafood,330,80.53636363636363,80.37921,4.0417223,17.821182,0.1592055,1.2337673,LIPID
6000_Dairy,319,44.56739811912226,44.585857,4.151352,17.397905,0.43489045,1.5372933,LIPID
7000_Fats Oils,178,24.8876404494382,25.217531,3.820135,17.352058,0.5185743,1.4576479,LIPID
8000_Mixed,2537,44.07134410721324,44.075058,4.111633,17.398413,0.6236674,1.1952823,LIPID
8600_SauceCondiment,193,46.8860103626943,46.92773,4.012608,17.347023,0.6149209,1.3795196,LIPID
9000_SavorySweet,1190,18.376470588235293,18.79694,3.734764,17.42854,0.42060196,1.4616983,LIPID
