model,individual_response_spearman,personalized_residual_spearman,personalized_residual_defined,nps_preservation_spearman,ablation,seed
FCS2 only,0.9128726864318426,,False,1.0,static prior,42
anchored GMNPS,0.9396519724468377,0.383150323582682,True,0.999852975372771,full model,42
no centering,0.9395593205108165,0.38192067177633965,True,0.999810966760774,remove food-level centering,42
unanchored microbiome score,0.21983185057067697,0.2064310539519682,True,0.9703509272902507,remove NPS prior,42
random microbiome,0.9000439444798504,0.02902444601223618,True,0.9995649163190767,negative control,42
shuffled microbiome,0.8952621942799438,-0.02487100450494517,True,0.999852975372771,negative control,42
FCS2 only,0.9251955809369096,,False,0.9999999999999999,static prior,43
anchored GMNPS,0.9437819862985292,0.3195182161145609,True,0.9997479430311219,full model,43
no centering,0.943844527057955,0.3262872075826078,True,0.999735938805253,remove food-level centering,43
unanchored microbiome score,0.09481015472970075,0.3786396694031691,True,-0.9127893308375477,remove NPS prior,43
random microbiome,0.9117059099505366,-0.0227974889229036,True,0.9996399049983027,negative control,43
shuffled microbiome,0.9136083775981654,-0.0021513660966664206,True,0.9997479430311219,negative control,43
FCS2 only,0.9236472794223418,,False,0.9999999999999999,static prior,44
anchored GMNPS,0.9465984497181786,0.36923783293873913,True,0.9997479430311219,full model,44
no centering,0.9467715685094494,0.3705295698090378,True,0.9996999261276467,remove food-level centering,44
unanchored microbiome score,0.16049311567279975,0.27350339095772935,True,0.3580500449886444,remove NPS prior,44
random microbiome,0.9125013195372811,0.026235584858982423,True,0.9997479430311219,negative control,44
shuffled microbiome,0.9130357382498278,0.03190450825599039,True,0.9997479430311219,negative control,44
FCS2 only,0.9016081473676851,,False,1.0,static prior,45
anchored GMNPS,0.9353051535167906,0.4073271194412453,True,0.9999399921989318,full model,45
no centering,0.9353397726581884,0.41185909537409826,True,0.9999159883582741,remove food-level centering,45
unanchored microbiome score,0.1789021499111299,0.36593363530204537,True,-0.8852136357753635,remove NPS prior,45
random microbiome,0.8904210417088152,0.02751574052894238,True,0.999927990278603,negative control,45
shuffled microbiome,0.8861983953318813,-0.020613687370730684,True,0.9999399921989318,negative control,45
FCS2 only,0.9026387572352902,,False,1.0,static prior,46
anchored GMNPS,0.9331993660828403,0.3745243860035173,True,0.9998949839847682,full model,46
no centering,0.9331725603433727,0.37551812297679843,True,0.9998709790636269,remove food-level centering,46
unanchored microbiome score,0.1984559017727454,0.26470622932882065,True,0.9900409638563104,remove NPS prior,46
random microbiome,0.8854629242371319,-0.00587634696842381,True,0.9998949839847682,negative control,46
shuffled microbiome,0.8873229848968471,0.009013056811660694,True,0.9998949839847682,negative control,46
FCS2 only,0.9020013276902104,,False,1.0,static prior,47
anchored GMNPS,0.9315510500276097,0.36416768408157024,True,0.9995798715434968,full model,47
no centering,0.93171318672963,0.3711110722403328,True,0.999339761077116,remove food-level centering,47
unanchored microbiome score,0.14972377788733077,0.3453125023761936,True,-0.9058647565150495,remove NPS prior,47
random microbiome,0.8891997227177243,0.0034893509314835526,True,0.9995678660201779,negative control,47
shuffled microbiome,0.8899958308949237,0.014295171827071603,True,0.9995798715434968,negative control,47
FCS2 only,0.9143633710249491,,False,1.0,static prior,48
anchored GMNPS,0.9411388505049134,0.41151812910413504,True,0.9996609360036415,full model,48
no centering,0.9412434738916244,0.4107897767183778,True,0.9996129261613591,remove food-level centering,48
unanchored microbiome score,0.1577338988480993,0.32834290325062904,True,-0.802412498986498,remove NPS prior,48
random microbiome,0.9014807789984994,0.02555129259613857,True,0.9997329507670651,negative control,48
shuffled microbiome,0.9055892210056874,0.047968492746276625,True,0.9996609360036415,negative control,48
FCS2 only,0.9190982626929285,,False,1.0,static prior,49
anchored GMNPS,0.9428381399340431,0.3858713053228864,True,0.9998919833651232,full model,49
no centering,0.9429046893245215,0.3842104749519067,True,0.9998559758753551,remove food-level centering,49
unanchored microbiome score,0.11640333164970579,0.35154256085165364,True,-0.9959431619872423,remove NPS prior,49
random microbiome,0.9045581870327742,0.0008422019817204292,True,0.9998919833651232,negative control,49
shuffled microbiome,0.897728026635466,-0.018007079458272218,True,0.9998919833651232,negative control,49
FCS2 only,0.9095466756716144,,False,1.0,static prior,50
anchored GMNPS,0.9373835939779289,0.4193114459382569,True,0.9998829815241975,full model,50
no centering,0.937253130357074,0.4107030766289052,True,0.9998709790636269,remove food-level centering,50
unanchored microbiome score,0.09436328647316299,0.4127126529447383,True,-0.9947459283999833,remove NPS prior,50
random microbiome,0.8996833843599289,0.034464192450055366,True,0.9998949839847682,negative control,50
shuffled microbiome,0.8943488185393362,0.018831141073973056,True,0.9998829815241975,negative control,50
FCS2 only,0.930101650887824,,False,1.0,static prior,51
anchored GMNPS,0.9501636365473165,0.3748835452588635,True,0.9998949839847682,full model,51
no centering,0.9501406138932778,0.37380108673861684,True,0.999810966760774,remove food-level centering,51
unanchored microbiome score,0.21070905047134147,0.17852093402058025,True,0.9363419552634723,remove NPS prior,51
random microbiome,0.9137517028626064,0.006141332247261593,True,0.9998949839847682,negative control,51
shuffled microbiome,0.9147289798832398,0.047445499860107654,True,0.9998949839847682,negative control,51
FCS2 only,0.9086787983574542,,False,1.0,static prior,52
anchored GMNPS,0.9357137176061846,0.37469075113090466,True,0.9999399921989318,full model,52
no centering,0.935730275872503,0.3758421833160885,True,0.9999039864379452,remove food-level centering,52
unanchored microbiome score,0.16293214410528015,0.2993822013214971,True,-0.8793206928938936,remove NPS prior,52
random microbiome,0.894851035964847,-0.013514851890996752,True,0.9999399921989318,negative control,52
shuffled microbiome,0.8982964824053271,0.010320067015580182,True,0.9999399921989318,negative control,52
FCS2 only,0.9291009618197323,,False,0.9999999999999999,static prior,53
anchored GMNPS,0.9484125390171398,0.34051152002617313,True,0.9994928207516203,full model,53
no centering,0.9485246859656578,0.33948600593110884,True,0.999468806460173,remove food-level centering,53
unanchored microbiome score,0.1366545907603361,0.3341374598042369,True,-0.36924374529235804,remove NPS prior,53
random microbiome,0.9170329344074455,0.053691134935096856,True,0.9994928207516203,negative control,53
shuffled microbiome,0.9154805005887452,0.007695649519824737,True,0.9994928207516203,negative control,53
