comparator,metric,estimate,ci_lower,ci_upper,replicates_requested,replicates_valid,seeds,evidence_role,data_class,seed_set,payload_sha256
fcs_baseline,residual_rmse,3.5411428636467868,3.061922299270578,3.84313136180703,5,5,"[1701,1702,1703,1704,1705]",correctly_specified_synthetic_positive_control,synthetic,"[1701,1702,1703,1704,1705]",3a21d1e6f1e90e47e94d121fea3705813c867b31fc4ff539005404c18e8e4d74
fcs_baseline,residual_spearman,0.0,0.0,0.0,5,5,"[1701,1702,1703,1704,1705]",correctly_specified_synthetic_positive_control,synthetic,"[1701,1702,1703,1704,1705]",3a21d1e6f1e90e47e94d121fea3705813c867b31fc4ff539005404c18e8e4d74
fcs_baseline,mean_individual_residual_rmse,2.89756296369571,2.4676295435255104,3.161374727308262,5,5,"[1701,1702,1703,1704,1705]",correctly_specified_synthetic_positive_control,synthetic,"[1701,1702,1703,1704,1705]",3a21d1e6f1e90e47e94d121fea3705813c867b31fc4ff539005404c18e8e4d74
fcs_baseline,mean_individual_residual_spearman,0.0,0.0,0.0,5,5,"[1701,1702,1703,1704,1705]",correctly_specified_synthetic_positive_control,synthetic,"[1701,1702,1703,1704,1705]",3a21d1e6f1e90e47e94d121fea3705813c867b31fc4ff539005404c18e8e4d74
fcs_baseline,calibration_slope,0.0,0.0,0.0,5,5,"[1701,1702,1703,1704,1705]",correctly_specified_synthetic_positive_control,synthetic,"[1701,1702,1703,1704,1705]",3a21d1e6f1e90e47e94d121fea3705813c867b31fc4ff539005404c18e8e4d74
fcs_baseline,calibration_intercept,2.4366083639151643,1.833940237033223,2.8167868653420474,5,5,"[1701,1702,1703,1704,1705]",correctly_specified_synthetic_positive_control,synthetic,"[1701,1702,1703,1704,1705]",3a21d1e6f1e90e47e94d121fea3705813c867b31fc4ff539005404c18e8e4d74
fcs_baseline,universal_rank_preservation_spearman,1.0,1.0,1.0,5,5,"[1701,1702,1703,1704,1705]",correctly_specified_synthetic_positive_control,synthetic,"[1701,1702,1703,1704,1705]",3a21d1e6f1e90e47e94d121fea3705813c867b31fc4ff539005404c18e8e4d74
fcs_baseline,excluded_proxy_contribution_fraction,0.0,0.0,0.0,5,5,"[1701,1702,1703,1704,1705]",correctly_specified_synthetic_positive_control,synthetic,"[1701,1702,1703,1704,1705]",3a21d1e6f1e90e47e94d121fea3705813c867b31fc4ff539005404c18e8e4d74
locked_attribute_gmnps,residual_rmse,0.35224521781025037,0.3460966361379619,0.3647341629505858,5,5,"[1701,1702,1703,1704,1705]",correctly_specified_synthetic_positive_control,synthetic,"[1701,1702,1703,1704,1705]",3a21d1e6f1e90e47e94d121fea3705813c867b31fc4ff539005404c18e8e4d74
locked_attribute_gmnps,residual_spearman,0.987601525545656,0.9847555952079542,0.9895955153941062,5,5,"[1701,1702,1703,1704,1705]",correctly_specified_synthetic_positive_control,synthetic,"[1701,1702,1703,1704,1705]",3a21d1e6f1e90e47e94d121fea3705813c867b31fc4ff539005404c18e8e4d74
locked_attribute_gmnps,mean_individual_residual_rmse,0.3459320412835778,0.34030214293010475,0.3532762285860839,5,5,"[1701,1702,1703,1704,1705]",correctly_specified_synthetic_positive_control,synthetic,"[1701,1702,1703,1704,1705]",3a21d1e6f1e90e47e94d121fea3705813c867b31fc4ff539005404c18e8e4d74
locked_attribute_gmnps,mean_individual_residual_spearman,0.578904428904429,0.46643356643356654,0.6789335664335664,5,5,"[1701,1702,1703,1704,1705]",correctly_specified_synthetic_positive_control,synthetic,"[1701,1702,1703,1704,1705]",3a21d1e6f1e90e47e94d121fea3705813c867b31fc4ff539005404c18e8e4d74
locked_attribute_gmnps,calibration_slope,0.9982889990585033,0.9899134315445541,1.0049454605036203,5,5,"[1701,1702,1703,1704,1705]",correctly_specified_synthetic_positive_control,synthetic,"[1701,1702,1703,1704,1705]",3a21d1e6f1e90e47e94d121fea3705813c867b31fc4ff539005404c18e8e4d74
locked_attribute_gmnps,calibration_intercept,0.0026799898944946743,-0.016296381379709488,0.02552761351226711,5,5,"[1701,1702,1703,1704,1705]",correctly_specified_synthetic_positive_control,synthetic,"[1701,1702,1703,1704,1705]",3a21d1e6f1e90e47e94d121fea3705813c867b31fc4ff539005404c18e8e4d74
locked_attribute_gmnps,universal_rank_preservation_spearman,0.9986013986013986,0.9937062937062938,1.0,5,5,"[1701,1702,1703,1704,1705]",correctly_specified_synthetic_positive_control,synthetic,"[1701,1702,1703,1704,1705]",3a21d1e6f1e90e47e94d121fea3705813c867b31fc4ff539005404c18e8e4d74
locked_attribute_gmnps,excluded_proxy_contribution_fraction,0.0,0.0,0.0,5,5,"[1701,1702,1703,1704,1705]",correctly_specified_synthetic_positive_control,synthetic,"[1701,1702,1703,1704,1705]",3a21d1e6f1e90e47e94d121fea3705813c867b31fc4ff539005404c18e8e4d74
legacy_final_score_offset,residual_rmse,3.9314520793154855,3.4456553033739286,4.545596016061008,5,5,"[1701,1702,1703,1704,1705]",correctly_specified_synthetic_positive_control,synthetic,"[1701,1702,1703,1704,1705]",3a21d1e6f1e90e47e94d121fea3705813c867b31fc4ff539005404c18e8e4d74
legacy_final_score_offset,residual_spearman,0.9116572023357407,0.8874437364615861,0.9348054286276922,5,5,"[1701,1702,1703,1704,1705]",correctly_specified_synthetic_positive_control,synthetic,"[1701,1702,1703,1704,1705]",3a21d1e6f1e90e47e94d121fea3705813c867b31fc4ff539005404c18e8e4d74
legacy_final_score_offset,mean_individual_residual_rmse,3.282475010565432,2.8002692607488675,3.8782004234542278,5,5,"[1701,1702,1703,1704,1705]",correctly_specified_synthetic_positive_control,synthetic,"[1701,1702,1703,1704,1705]",3a21d1e6f1e90e47e94d121fea3705813c867b31fc4ff539005404c18e8e4d74
legacy_final_score_offset,mean_individual_residual_spearman,0.4828671328671329,0.3201340326340326,0.593822843822844,5,5,"[1701,1702,1703,1704,1705]",correctly_specified_synthetic_positive_control,synthetic,"[1701,1702,1703,1704,1705]",3a21d1e6f1e90e47e94d121fea3705813c867b31fc4ff539005404c18e8e4d74
legacy_final_score_offset,calibration_slope,0.49977789887421287,0.445785771922508,0.567315828257287,5,5,"[1701,1702,1703,1704,1705]",correctly_specified_synthetic_positive_control,synthetic,"[1701,1702,1703,1704,1705]",3a21d1e6f1e90e47e94d121fea3705813c867b31fc4ff539005404c18e8e4d74
legacy_final_score_offset,calibration_intercept,2.6945281235340865,2.3678715049350907,2.8766355734324978,5,5,"[1701,1702,1703,1704,1705]",correctly_specified_synthetic_positive_control,synthetic,"[1701,1702,1703,1704,1705]",3a21d1e6f1e90e47e94d121fea3705813c867b31fc4ff539005404c18e8e4d74
legacy_final_score_offset,universal_rank_preservation_spearman,1.0,1.0,1.0,5,5,"[1701,1702,1703,1704,1705]",correctly_specified_synthetic_positive_control,synthetic,"[1701,1702,1703,1704,1705]",3a21d1e6f1e90e47e94d121fea3705813c867b31fc4ff539005404c18e8e4d74
legacy_final_score_offset,excluded_proxy_contribution_fraction,0.0,0.0,0.0,5,5,"[1701,1702,1703,1704,1705]",correctly_specified_synthetic_positive_control,synthetic,"[1701,1702,1703,1704,1705]",3a21d1e6f1e90e47e94d121fea3705813c867b31fc4ff539005404c18e8e4d74
unanchored_microbiome_score,residual_rmse,13.794715311996825,12.992892105790185,14.697633500032081,5,5,"[1701,1702,1703,1704,1705]",correctly_specified_synthetic_positive_control,synthetic,"[1701,1702,1703,1704,1705]",3a21d1e6f1e90e47e94d121fea3705813c867b31fc4ff539005404c18e8e4d74
unanchored_microbiome_score,residual_spearman,0.591640242897733,0.5395133806750821,0.6600716757291153,5,5,"[1701,1702,1703,1704,1705]",correctly_specified_synthetic_positive_control,synthetic,"[1701,1702,1703,1704,1705]",3a21d1e6f1e90e47e94d121fea3705813c867b31fc4ff539005404c18e8e4d74
unanchored_microbiome_score,mean_individual_residual_rmse,13.51419638772324,12.547038861106302,14.61638866775752,5,5,"[1701,1702,1703,1704,1705]",correctly_specified_synthetic_positive_control,synthetic,"[1701,1702,1703,1704,1705]",3a21d1e6f1e90e47e94d121fea3705813c867b31fc4ff539005404c18e8e4d74
unanchored_microbiome_score,mean_individual_residual_spearman,-0.008799533799533802,-0.24128787878787877,0.1707167832167832,5,5,"[1701,1702,1703,1704,1705]",correctly_specified_synthetic_positive_control,synthetic,"[1701,1702,1703,1704,1705]",3a21d1e6f1e90e47e94d121fea3705813c867b31fc4ff539005404c18e8e4d74
unanchored_microbiome_score,calibration_slope,0.10710123946521329,0.08076495595552247,0.1420518596760984,5,5,"[1701,1702,1703,1704,1705]",correctly_specified_synthetic_positive_control,synthetic,"[1701,1702,1703,1704,1705]",3a21d1e6f1e90e47e94d121fea3705813c867b31fc4ff539005404c18e8e4d74
unanchored_microbiome_score,calibration_intercept,2.5381142625616104,2.082450230354219,3.1670201469336696,5,5,"[1701,1702,1703,1704,1705]",correctly_specified_synthetic_positive_control,synthetic,"[1701,1702,1703,1704,1705]",3a21d1e6f1e90e47e94d121fea3705813c867b31fc4ff539005404c18e8e4d74
unanchored_microbiome_score,universal_rank_preservation_spearman,0.01118881118881127,-0.9636363636363636,0.9384615384615386,5,5,"[1701,1702,1703,1704,1705]",correctly_specified_synthetic_positive_control,synthetic,"[1701,1702,1703,1704,1705]",3a21d1e6f1e90e47e94d121fea3705813c867b31fc4ff539005404c18e8e4d74
unanchored_microbiome_score,excluded_proxy_contribution_fraction,0.0,0.0,0.0,5,5,"[1701,1702,1703,1704,1705]",correctly_specified_synthetic_positive_control,synthetic,"[1701,1702,1703,1704,1705]",3a21d1e6f1e90e47e94d121fea3705813c867b31fc4ff539005404c18e8e4d74
random_microbiome,residual_rmse,2.825273666802911,2.5181794179646437,3.253229345867132,5,5,"[1701,1702,1703,1704,1705]",correctly_specified_synthetic_positive_control,synthetic,"[1701,1702,1703,1704,1705]",3a21d1e6f1e90e47e94d121fea3705813c867b31fc4ff539005404c18e8e4d74
random_microbiome,residual_spearman,0.15714617267279943,0.08673079705339813,0.2766575640299162,5,5,"[1701,1702,1703,1704,1705]",correctly_specified_synthetic_positive_control,synthetic,"[1701,1702,1703,1704,1705]",3a21d1e6f1e90e47e94d121fea3705813c867b31fc4ff539005404c18e8e4d74
random_microbiome,mean_individual_residual_rmse,2.3789671497771363,2.1308342439479095,2.7464158125739058,5,5,"[1701,1702,1703,1704,1705]",correctly_specified_synthetic_positive_control,synthetic,"[1701,1702,1703,1704,1705]",3a21d1e6f1e90e47e94d121fea3705813c867b31fc4ff539005404c18e8e4d74
random_microbiome,mean_individual_residual_spearman,0.07884615384615386,0.019259906759906766,0.14860139860139862,5,5,"[1701,1702,1703,1704,1705]",correctly_specified_synthetic_positive_control,synthetic,"[1701,1702,1703,1704,1705]",3a21d1e6f1e90e47e94d121fea3705813c867b31fc4ff539005404c18e8e4d74
random_microbiome,calibration_slope,0.2642125495220745,0.06588116259253296,0.4516759213758259,5,5,"[1701,1702,1703,1704,1705]",correctly_specified_synthetic_positive_control,synthetic,"[1701,1702,1703,1704,1705]",3a21d1e6f1e90e47e94d121fea3705813c867b31fc4ff539005404c18e8e4d74
random_microbiome,calibration_intercept,1.8246463083851423,0.7944303756572375,2.5014093163397955,5,5,"[1701,1702,1703,1704,1705]",correctly_specified_synthetic_positive_control,synthetic,"[1701,1702,1703,1704,1705]",3a21d1e6f1e90e47e94d121fea3705813c867b31fc4ff539005404c18e8e4d74
random_microbiome,universal_rank_preservation_spearman,1.0,1.0,1.0,5,5,"[1701,1702,1703,1704,1705]",correctly_specified_synthetic_positive_control,synthetic,"[1701,1702,1703,1704,1705]",3a21d1e6f1e90e47e94d121fea3705813c867b31fc4ff539005404c18e8e4d74
random_microbiome,excluded_proxy_contribution_fraction,0.0,0.0,0.0,5,5,"[1701,1702,1703,1704,1705]",correctly_specified_synthetic_positive_control,synthetic,"[1701,1702,1703,1704,1705]",3a21d1e6f1e90e47e94d121fea3705813c867b31fc4ff539005404c18e8e4d74
sattolo_deranged_microbiome,residual_rmse,3.6541278073086625,3.1163221939208046,4.4581883098626305,5,5,"[1701,1702,1703,1704,1705]",correctly_specified_synthetic_positive_control,synthetic,"[1701,1702,1703,1704,1705]",3a21d1e6f1e90e47e94d121fea3705813c867b31fc4ff539005404c18e8e4d74
sattolo_deranged_microbiome,residual_spearman,-0.05393884957139241,-0.2598755068741988,0.11411918425906949,5,5,"[1701,1702,1703,1704,1705]",correctly_specified_synthetic_positive_control,synthetic,"[1701,1702,1703,1704,1705]",3a21d1e6f1e90e47e94d121fea3705813c867b31fc4ff539005404c18e8e4d74
sattolo_deranged_microbiome,mean_individual_residual_rmse,3.0937321156333253,2.6511868291931946,3.876391457058687,5,5,"[1701,1702,1703,1704,1705]",correctly_specified_synthetic_positive_control,synthetic,"[1701,1702,1703,1704,1705]",3a21d1e6f1e90e47e94d121fea3705813c867b31fc4ff539005404c18e8e4d74
sattolo_deranged_microbiome,mean_individual_residual_spearman,0.04498834498834499,-0.043385780885780906,0.1927738927738928,5,5,"[1701,1702,1703,1704,1705]",correctly_specified_synthetic_positive_control,synthetic,"[1701,1702,1703,1704,1705]",3a21d1e6f1e90e47e94d121fea3705813c867b31fc4ff539005404c18e8e4d74
sattolo_deranged_microbiome,calibration_slope,-0.02668086468449767,-0.2571787487771251,0.15112338484123702,5,5,"[1701,1702,1703,1704,1705]",correctly_specified_synthetic_positive_control,synthetic,"[1701,1702,1703,1704,1705]",3a21d1e6f1e90e47e94d121fea3705813c867b31fc4ff539005404c18e8e4d74
sattolo_deranged_microbiome,calibration_intercept,2.506792398802512,1.8449933644728367,3.2766443525389537,5,5,"[1701,1702,1703,1704,1705]",correctly_specified_synthetic_positive_control,synthetic,"[1701,1702,1703,1704,1705]",3a21d1e6f1e90e47e94d121fea3705813c867b31fc4ff539005404c18e8e4d74
sattolo_deranged_microbiome,universal_rank_preservation_spearman,0.9986013986013986,0.9937062937062938,1.0,5,5,"[1701,1702,1703,1704,1705]",correctly_specified_synthetic_positive_control,synthetic,"[1701,1702,1703,1704,1705]",3a21d1e6f1e90e47e94d121fea3705813c867b31fc4ff539005404c18e8e4d74
sattolo_deranged_microbiome,excluded_proxy_contribution_fraction,0.0,0.0,0.0,5,5,"[1701,1702,1703,1704,1705]",correctly_specified_synthetic_positive_control,synthetic,"[1701,1702,1703,1704,1705]",3a21d1e6f1e90e47e94d121fea3705813c867b31fc4ff539005404c18e8e4d74
original_mask_legacy_offset,residual_rmse,5.272441423234165,4.834580029903536,5.625490056233662,5,5,"[1701,1702,1703,1704,1705]",correctly_specified_synthetic_positive_control,synthetic,"[1701,1702,1703,1704,1705]",3a21d1e6f1e90e47e94d121fea3705813c867b31fc4ff539005404c18e8e4d74
original_mask_legacy_offset,residual_spearman,0.5018990953626788,0.3456948848405934,0.6456922726048814,5,5,"[1701,1702,1703,1704,1705]",correctly_specified_synthetic_positive_control,synthetic,"[1701,1702,1703,1704,1705]",3a21d1e6f1e90e47e94d121fea3705813c867b31fc4ff539005404c18e8e4d74
original_mask_legacy_offset,mean_individual_residual_rmse,4.529539489078202,4.119253865794223,4.782851850042399,5,5,"[1701,1702,1703,1704,1705]",correctly_specified_synthetic_positive_control,synthetic,"[1701,1702,1703,1704,1705]",3a21d1e6f1e90e47e94d121fea3705813c867b31fc4ff539005404c18e8e4d74
original_mask_legacy_offset,mean_individual_residual_spearman,0.1345571095571096,0.030244755244755277,0.20081585081585085,5,5,"[1701,1702,1703,1704,1705]",correctly_specified_synthetic_positive_control,synthetic,"[1701,1702,1703,1704,1705]",3a21d1e6f1e90e47e94d121fea3705813c867b31fc4ff539005404c18e8e4d74
original_mask_legacy_offset,calibration_slope,0.2498860407634138,0.17487188150137237,0.3211779857377289,5,5,"[1701,1702,1703,1704,1705]",correctly_specified_synthetic_positive_control,synthetic,"[1701,1702,1703,1704,1705]",3a21d1e6f1e90e47e94d121fea3705813c867b31fc4ff539005404c18e8e4d74
original_mask_legacy_offset,calibration_intercept,2.5662704632277133,2.0013804987766988,2.870590890834514,5,5,"[1701,1702,1703,1704,1705]",correctly_specified_synthetic_positive_control,synthetic,"[1701,1702,1703,1704,1705]",3a21d1e6f1e90e47e94d121fea3705813c867b31fc4ff539005404c18e8e4d74
original_mask_legacy_offset,universal_rank_preservation_spearman,1.0,1.0,1.0,5,5,"[1701,1702,1703,1704,1705]",correctly_specified_synthetic_positive_control,synthetic,"[1701,1702,1703,1704,1705]",3a21d1e6f1e90e47e94d121fea3705813c867b31fc4ff539005404c18e8e4d74
original_mask_legacy_offset,excluded_proxy_contribution_fraction,0.7487362679719191,0.6355963863342361,0.8692898501644304,5,5,"[1701,1702,1703,1704,1705]",correctly_specified_synthetic_positive_control,synthetic,"[1701,1702,1703,1704,1705]",3a21d1e6f1e90e47e94d121fea3705813c867b31fc4ff539005404c18e8e4d74
expert_revised_mask_legacy_offset,residual_rmse,3.9314520793154855,3.4456553033739286,4.545596016061008,5,5,"[1701,1702,1703,1704,1705]",correctly_specified_synthetic_positive_control,synthetic,"[1701,1702,1703,1704,1705]",3a21d1e6f1e90e47e94d121fea3705813c867b31fc4ff539005404c18e8e4d74
expert_revised_mask_legacy_offset,residual_spearman,0.9116572023357407,0.8874437364615861,0.9348054286276922,5,5,"[1701,1702,1703,1704,1705]",correctly_specified_synthetic_positive_control,synthetic,"[1701,1702,1703,1704,1705]",3a21d1e6f1e90e47e94d121fea3705813c867b31fc4ff539005404c18e8e4d74
expert_revised_mask_legacy_offset,mean_individual_residual_rmse,3.282475010565432,2.8002692607488675,3.8782004234542278,5,5,"[1701,1702,1703,1704,1705]",correctly_specified_synthetic_positive_control,synthetic,"[1701,1702,1703,1704,1705]",3a21d1e6f1e90e47e94d121fea3705813c867b31fc4ff539005404c18e8e4d74
expert_revised_mask_legacy_offset,mean_individual_residual_spearman,0.4828671328671329,0.3201340326340326,0.593822843822844,5,5,"[1701,1702,1703,1704,1705]",correctly_specified_synthetic_positive_control,synthetic,"[1701,1702,1703,1704,1705]",3a21d1e6f1e90e47e94d121fea3705813c867b31fc4ff539005404c18e8e4d74
expert_revised_mask_legacy_offset,calibration_slope,0.49977789887421287,0.445785771922508,0.567315828257287,5,5,"[1701,1702,1703,1704,1705]",correctly_specified_synthetic_positive_control,synthetic,"[1701,1702,1703,1704,1705]",3a21d1e6f1e90e47e94d121fea3705813c867b31fc4ff539005404c18e8e4d74
expert_revised_mask_legacy_offset,calibration_intercept,2.6945281235340865,2.3678715049350907,2.8766355734324978,5,5,"[1701,1702,1703,1704,1705]",correctly_specified_synthetic_positive_control,synthetic,"[1701,1702,1703,1704,1705]",3a21d1e6f1e90e47e94d121fea3705813c867b31fc4ff539005404c18e8e4d74
expert_revised_mask_legacy_offset,universal_rank_preservation_spearman,1.0,1.0,1.0,5,5,"[1701,1702,1703,1704,1705]",correctly_specified_synthetic_positive_control,synthetic,"[1701,1702,1703,1704,1705]",3a21d1e6f1e90e47e94d121fea3705813c867b31fc4ff539005404c18e8e4d74
expert_revised_mask_legacy_offset,excluded_proxy_contribution_fraction,0.0,0.0,0.0,5,5,"[1701,1702,1703,1704,1705]",correctly_specified_synthetic_positive_control,synthetic,"[1701,1702,1703,1704,1705]",3a21d1e6f1e90e47e94d121fea3705813c867b31fc4ff539005404c18e8e4d74
