resource_id,source_name,stable_source,source_identifier,version_identifier,accessed_on,owner,cohort,unit_of_observation,sample_size,n_value,n_unit,participant_n,data_modality,declared_response_endpoint,access_route,access_status,local_path,sha256,real_synthetic_status,allowed_analytical_role,exclusion_reason,evidence_basis
nature_zoe_supplementary_tables,Nature Supplementary Tables 1-25,https://media.springernature.com/original/springer-static/esm/art%3A10.1038%2Fs41586-025-09854-7/MediaObjects/41586_2025_9854_MOESM3_ESM.xlsx,10.1038/s41586-025-09854-7:MOESM3,41586_2025_9854_MOESM3_ESM.xlsx,2026-08-13,Asnicar et al.; hosted by Springer Nature,ZOE PREDICT and non-PREDICT analyses,published aggregate table row,unknown,unknown,published aggregate table row,unknown,aggregate supplementary tables and species rankings,"aggregate clinical-marker prediction, association, and intervention summaries",within_paper_or_supplement,public,/Users/fengxi.25/Downloads/41586_2025_9854_MOESM3_ESM.xlsx,3b6034d6212f0676bbc60b6eb0f3713cd5266799cbaf37e035900afe3892e581,aggregate_public,aggregate_supporting_evidence,Aggregate workbook; it does not expose eligible participant-by-meal outcomes.,Official Nature supplementary download; uploaded and official bytes were identical.
predict1_ena_raw_metagenomes,PREDICT 1 raw metagenomes,https://www.ebi.ac.uk/ena/browser/view/PRJEB39223,PRJEB39223,ERP122716,2026-08-13,University of Trento,PREDICT 1,ENA metagenomic sample/run,2196,2196,ENA sample/run record,unknown,shotgun metagenomic sequencing,none in the ENA sequencing resource,reused_public_source,public,not_downloaded,not_computed_remote_not_downloaded,real_public,predictor_reconstruction,Sequencing predictors only; no public participant-by-meal metabolic response table.,"ENA study metadata and count API; the Nature article reports 1,098 PREDICT 1 participants."
predict1_experimenthub_profiles,curatedMetagenomicData AsnicarF_2021 relative abundance,https://experimenthub.bioconductor.org/fetch/5501,EH5458,2021-03-31.AsnicarF_2021.relative_abundance,2026-08-13,curatedMetagenomicData / ExperimentHub; source provider NCBI,PREDICT 1,participant microbiome profile,unknown,unknown,participant microbiome profile,unknown,curated species relative-abundance profiles,none in the ExperimentHub profile resource,reused_public_source,public,data/project_data/predict_multi/L2_phenotype/predict1_real/AsnicarF_2021_relative_abundance.rda,89c635061b357583351ca33f520a72d0efced4a2963e73182e529228c8395c54,real_public,predictor_reconstruction,"Real microbiome predictors, but no observed meal-level response endpoint.",Official ExperimentHub metadata and fetch endpoint verified EH5458 and dispatch path 5501 on the audit date.
predict2_ena_raw_metagenomes,PREDICT 2 raw metagenomes,https://www.ebi.ac.uk/ena/browser/view/PRJEB75460,PRJEB75460,ERP160037,2026-08-13,ZOE Limited,PREDICT 2,ENA metagenomic sample/run,975,975,ENA sample/run record,unknown,shotgun metagenomic sequencing,none in the ENA sequencing resource,reused_public_source,public,not_downloaded,not_computed_remote_not_downloaded,real_public,predictor_reconstruction,Public metagenomes do not include person-by-meal response outcomes.,Nature Data Availability statement and ENA study/count metadata.
predict3_us21_ena_raw_metagenomes,PREDICT 3 US21 raw metagenomes,https://www.ebi.ac.uk/ena/browser/view/PRJEB75462,PRJEB75462,ERP160039,2026-08-13,ZOE Limited,PREDICT 3 US21,ENA metagenomic sample/run,11797,11797,ENA sample/run record,unknown,shotgun metagenomic sequencing,none in the ENA sequencing resource,reused_public_source,public,not_downloaded,not_computed_remote_not_downloaded,real_public,predictor_reconstruction,Public metagenomes do not include person-by-meal response outcomes.,Nature Data Availability statement and ENA study/count metadata.
predict3_us22a_ena_raw_metagenomes,PREDICT 3 US22A raw metagenomes,https://www.ebi.ac.uk/ena/browser/view/PRJEB75463,PRJEB75463,ERP160040,2026-08-13,ZOE Limited,PREDICT 3 US22A,ENA metagenomic sample/run,8469,8469,ENA sample/run record,unknown,shotgun metagenomic sequencing,none in the ENA sequencing resource,reused_public_source,public,not_downloaded,not_computed_remote_not_downloaded,real_public,predictor_reconstruction,Public metagenomes do not include person-by-meal response outcomes.,Nature Data Availability statement and ENA study/count metadata.
predict3_uk22a_ena_raw_metagenomes,PREDICT 3 UK22A raw metagenomes,https://www.ebi.ac.uk/ena/browser/view/PRJEB75464,PRJEB75464,ERP160041,2026-08-13,ZOE Limited,PREDICT 3 UK22A,ENA metagenomic sample/run,12353,12353,ENA sample/run record,unknown,shotgun metagenomic sequencing,none in the ENA sequencing resource,reused_public_source,public,not_downloaded,not_computed_remote_not_downloaded,real_public,predictor_reconstruction,Public metagenomes do not include person-by-meal response outcomes.,Nature Data Availability statement and ENA study/count metadata.
predict_zoe_public_profiles_zenodo,PREDICT metadata and MetaPhlAn profiles,https://doi.org/10.5281/zenodo.15307999,10.5281/zenodo.15307999,10.5281/zenodo.15308000,2026-08-13,Asnicar et al.,"PREDICT 1, PREDICT 2, and PREDICT 3 cohorts",participant microbiome profile and public demographic metadata,unknown,unknown,participant microbiome profile,unknown,compressed metadata and MetaPhlAn taxonomic profiles,none in the public Zenodo record,reused_public_source,public,not_downloaded,not_computed_remote_not_downloaded,real_public,predictor_reconstruction,"Public files expose microbiome and limited demographics, not eligible meal-response outcomes.",Zenodo API resolves the concept DOI to open version 10.5281/zenodo.15308000.
nature_supplementary_table_s5_rankings,Nature Supplementary Table S5 microbiome rankings,https://media.springernature.com/original/springer-static/esm/art%3A10.1038%2Fs41586-025-09854-7/MediaObjects/41586_2025_9854_MOESM3_ESM.xlsx,10.1038/s41586-025-09854-7:MOESM3:S5,41586_2025_9854_MOESM3_ESM.xlsx:Table-S5,2026-08-13,Asnicar et al.; hosted by Springer Nature,cross-cohort PREDICT ranking,published species-level genome bin rank,unknown,unknown,published species-level genome bin rank,unknown,microbiome species rank,health-associated and diet-associated species ranks,within_paper_or_supplement,public,data/project_data/verification/zoe2025/zoe_health_rank_S5.csv,51bfe4bb68f9071c7ed1dd07ab8729878ffa0d8907526402db1ff19c35b010e3,aggregate_public,biological_consistency,Aggregate species ranks cannot validate person-food metabolic responses.,https://www.nature.com/articles/s41586-025-09854-7#data-availability; immutable official Supplementary Table S5.
zoe_live_microbiome_rankings_2024,Live ZOE Microbiome Ranking 2024 page,https://zoe.com/our-science/microbiome-ranking,ZOE-MB-rankings-live-2024,live-page-accessed-2026-08-13,2026-08-13,ZOE Ltd.,cross-cohort ranking displayed by ZOE,displayed species-level genome bin rank,unknown,unknown,displayed species-level genome bin rank,unknown,mutable microbiome species ranking page,health-associated and diet-associated species ranks,reused_public_source,public,not_downloaded,not_computed_remote_not_downloaded,aggregate_public,biological_consistency,The mutable aggregate page cannot validate person-food metabolic responses.,Live ZOE page accessed on the audit date; it is not the immutable Nature Table S5 artifact.
predict_controlled_clinical_zenodo,Encrypted ZOE PREDICT clinical-data archive,https://doi.org/10.5281/zenodo.17236382,10.5281/zenodo.17236382,10.5281/zenodo.17236383,2026-08-13,ZOE Ltd.,ZOE PREDICT studies,controlled participant clinical record,unknown,unknown,controlled participant clinical record,unknown,encrypted participant clinical and host-parameter archive,"ordered host parameters; exact glucose, triglyceride, C-peptide, meal, unit, and linkage fields unconfirmed",controlled_access_repository,controlled_not_granted,not_downloaded,not_computed_remote_not_downloaded,controlled_real,controlled_eligibility_assessment,"Access has not been granted and endpoint, meal-key, unit, and microbiome-linkage eligibility is unverified.",Nature requires proposal review and a ZOE data-sharing agreement; Zenodo version 17236383 contains an encrypted archive.
predict_external_archive_zenodo,External-cohort and code archive cited by the Nature article,https://doi.org/10.5281/zenodo.17236261,10.5281/zenodo.17236261,10.5281/zenodo.17236262,2026-08-13,"Asnicar, Francesco",non-PREDICT public cohorts and associated software,software archive in the currently visible Zenodo version,unknown,not_applicable,not_applicable,not_applicable,inverse_var_weight and MetaPhlAn source archives,not applicable to the visible software files,public_repository,public,not_downloaded,not_computed_remote_not_downloaded,software_public,reproducibility_support,"Current Zenodo file metadata exposes software archives only, not person-by-meal outcomes.",Zenodo API version 17236262; this conflicts with the broader external-data wording in Nature Data Availability.
inverse_var_weight_v1_0_0,SegataLab inverse_var_weight release v1.0.0,https://github.com/SegataLab/inverse_var_weight/releases/tag/v1.0.0,SegataLab/inverse_var_weight:v1.0.0,ab1a974bf1abd66175d190b55183d2957224b39f,2026-08-13,SegataLab,not applicable,software release,unknown,not_applicable,not_applicable,not_applicable,Python source code,not applicable,public_repository,public,not_downloaded,not_computed_remote_not_downloaded,software_public,reproducibility_support,"Software is reproducibility material, not validation data.",GitHub release page and git ls-remote both resolve v1.0.0 to the fixed commit.
local_predict1_real_subject_metadata,Local PREDICT 1 real subject metadata derivative,data/project_data/predict_multi/L2_phenotype/predict1_real/PROVENANCE.md,local:subjects_real.parquet,sha256-bound-local-artifact,2026-08-13,GMNPS local project; upstream curatedMetagenomicData,PREDICT 1,participant/sample metadata record,unknown,unknown,participant/sample metadata record,unknown,demographic and sample-linkage metadata,none,reused_public_source,local_copy_available,data/project_data/predict_multi/L2_phenotype/predict1_real/subjects_real.parquet,ecde68e98fba42cc0630e7a06bf050ca107c7cc580ff6795b415973512d843c3,real_public,predictor_reconstruction,Real participant metadata contain no observed meal-response endpoint.,Local PROVENANCE.md maps these fields to curatedMetagenomicData AsnicarF_2021.
local_predict1_synthetic_glucose,Local statistically anchored glucose response,pending:GMNPS-Supplementary-or-Source-Data-package,identifier_pending_submission_package:glucose_iAUC_2h,sha256-bound-local-artifact-pending-deposition,2026-08-13,GMNPS local project,PREDICT 1-like simulation,synthetic participant-meal record,unknown,unknown,synthetic participant-meal record,unknown,statistically anchored synthetic response,glucose_iAUC_2h,within_paper_or_supplement,local_pending_submission_package,data/project_data/predict_multi/L2_phenotype/predict1_real/meals_glucose.parquet,7cdbf828d6ba8013e3fe0c9159266763c552a40a0f7e03e3832436fa3e7a924e,synthetic_local,synthetic_stress_test,"The endpoint is generated, not an observed PREDICT outcome.",Local PROVENANCE.md explicitly labels glucose_iAUC_2h statistically anchored synthetic.
local_predict1_synthetic_triglyceride,Local statistically anchored triglyceride response,pending:GMNPS-Supplementary-or-Source-Data-package,identifier_pending_submission_package:tg_6h_rise,sha256-bound-local-artifact-pending-deposition,2026-08-13,GMNPS local project,PREDICT 1-like simulation,synthetic participant-meal record,unknown,unknown,synthetic participant-meal record,unknown,statistically anchored synthetic response,tg_6h_rise,within_paper_or_supplement,local_pending_submission_package,data/project_data/predict_multi/L2_phenotype/predict1_real/meals_tg_cp.parquet,a09216c78e40f964009099828ab20895b1bdccef2413eef4b7d22618cee485da,synthetic_local,synthetic_stress_test,"The endpoint is generated, not an observed PREDICT outcome.",Local PROVENANCE.md explicitly labels tg_6h_rise statistically anchored synthetic.
local_predict1_synthetic_c_peptide,Local statistically anchored C-peptide response,pending:GMNPS-Supplementary-or-Source-Data-package,identifier_pending_submission_package:c_peptide_iAUC_2h,sha256-bound-local-artifact-pending-deposition,2026-08-13,GMNPS local project,PREDICT 1-like simulation,synthetic participant-meal record,unknown,unknown,synthetic participant-meal record,unknown,statistically anchored synthetic response,c_peptide_iAUC_2h,within_paper_or_supplement,local_pending_submission_package,data/project_data/predict_multi/L2_phenotype/predict1_real/meals_tg_cp.parquet,a09216c78e40f964009099828ab20895b1bdccef2413eef4b7d22618cee485da,synthetic_local,synthetic_stress_test,"The endpoint is generated, not an observed PREDICT outcome.",Local PROVENANCE.md explicitly labels c_peptide_iAUC_2h statistically anchored synthetic.
